,,,,,,,,,,,,,,,,,,,,,,,,,,,,
,,,,,,RECOMMENDED BUILDS (ALL RARE HEROES),,,,,,,,,,,,,,,,,,,,,,
,,,,,,It is assumed that Rare Heroes should all be T6-ed at the bare minimum and subsequently T12-ed.,,,,,,,,,,,,,,,,,,,,,,
,,,,,,,,,,,,,,,,,,,,,,,,,,,,
,,,,,,RAID,,,,,,,,DUNGEONS,,,,,,,,OUTCLASSED,,,,,,
,,,,,,,,,,,,,,,,,,,,,,,,,,,,
,,THE BEST,,,,,,,,,,,,,,,,,,,,,,,,,,
,,,,,,,,,,,,,,,,,,,,,,,,,,,,
,,XIAO,,,,,SKILL ENHANCEMENT,,,,,,,,,,,POTENTIALS,,,,,,,CORE ROLE,,,
,,,,,,,,,,,,,,,,,,-,,Lv 30,,Lv 30,,,,,,
,,,,,,,,,,,,,,,,,,,,,,,,,,,,
,,,,,,,BASIC ATK,,SKILL 1 / BTM SKILL,,SKILL 2 / TOP SKILL,,PASSIVE,,AWAKENED SKILL,,,,,,,,,,DEATH IMMUNITY,,BARRIER,
,,,,,,,,,,,,,,,,,,,,,,,,,,,,
,,,,,,,GEAR BUILDS,,,,,,,,,,,,,,,,,,KEY USAGE,,,
,,,,,,,,,,,,,,,,,,,,,,,,,,,,
,,,,,,,BOSS BATTLE SETUP,,,,,,,,,BARRIER FOR LIFE,,,,,,,,,PVE,,,
,,,,,,,,,,,,,All ATK (%),,,,,,,,,All ATK (%),,,,,,
,,VIEW FULL SKILLSET,,,,,,,,,,,,,,,,,,,,,,,,,,
,,LAST UPDATED:,,,19/05/26,,,,,,,,Crit Rate,,,,,,,,,Weakness Hit,,,,,,
,,HERO PROPERTIES,,,,,,,,,,,,,,,,,,,,,,,,,,
,,FALSE,TRUE,TRUE,TRUE,,,,,,,,Weakness Hit,,,,,,,,,Crit Rate,,,,,,
,,NONE,EARLY,MIDGAME,END,,Crit Rate,,All ATK (%),,,,,,,All ATK (%),,All ATK (%),,,,,,,,,,
,,,,,,,Weakness Hit,,DMG Taken Reduction,,,,All ATK,,,-,,DMG Taken Reduction,,,,All ATK,,,,,,
,,EXCLUSIVE EQUIPMENT,,,,,,,,,,,,,,,,,,,,,,,,,,
,,,,,,,,,,,,,Effect Hit,,,,,,,,,Effect Hit,,,,,,
,,,,,,,,,,,,,,,,,,,,,,,,,,,,
,,,,,,,,,,,,,Speed,,,,,,,,,Speed,,,,,,
,,,,,,,,,,,,,,,,,,,,,,,,,,,,
,,,,,,,Crit Rate,,All ATK (%),,"DMG Dealt +30%
Boss DMG +40%",,,,,All ATK (%),,All ATK (%),,"All ATK +45%
Effect Hit Rate +20%",,,,,,,,
,,,,,,,Weakness Hit,,DMG Taken Reduction,,,,,,,-,,DMG Taken Reduction,,,,,,,Many areas where a Death Immunity hero will come in useful. But she also has DEF Reduction and can provide an insanely thick barrier that saves your team from being nuked. She also boosts ST Attack DMG and applies Bleed.,,,
,,,,,,,NOTES:,"Giving her this build increases the chip damage. If she doesn't survive well, give her DMG Taken Reduction instead of ATK%. Weakness Hit main stat for CR. ATK% main stat for Dungeon.",,,,,,,,NOTES:,"Barrier scales off ATK% so this build pushes her ATK to the maximum possible. However, regardless of how thick the barrier is, it will only last for 2 turns.",,,,,,,,,,,
,,,,,,,,,,,,,,,,,,,,,,,,,,,,
,,XIAO-T0,,,,,AVENGER-PWEAPON,,AVENGER-ARMOR,,GUTS,,DOT,,,VAN-PWEAPON,,VAN-ARMOR,,GUTS,,DOT,,,PUDUNGEON-DARK,INFINITE TOWER,CR-KRIS,ADVENT-KYLE
,,,,,,,,,,,BOSSDMG,,CRIT,,,,,,,BOSSDMG,,CRIT,,,ADVENTURE BOTH,SUDDENRAID-LEONID,ADVENT-TEO,ADVENT-GOD
,,,,,,,,,,,,,,,,,,,,,,,,,,,,
,,RAID,,,,,,,,,,,,,,,,,,,,,,,,,,
,,,,,,,,,,,,,,,,,,,,,,,,,,,,
,,EVAN,,,,,SKILL ENHANCEMENT,,,,,,,,,,,POTENTIALS,,,,,,,CORE ROLE,,,
,,,,,,,,,,,,,,,,,,-,,-,,-,,,,,,
,,,,,,,,,,,,,,,,,,,,,,,,,,,,
,,,,,,,BASIC ATK,,SKILL 1 / BTM SKILL,,SKILL 2 / TOP SKILL,,PASSIVE,,AWAKENED SKILL,,,,,,,,,,STUN IMMUNITY,,BARRIER,
,,,,,,,,,,,,,,,,,,,,,,,,,,,,
,,,,,,,GEAR BUILDS,,,,,,,,,,,,,,,,,,OTHER KEY USAGE,,,
,,,,,,,,,,,,,,,,,,,,,,,,,,,,
,,,,,,,TANK V1,,,,,,,,,TANK V2,,,,,,,,,PVE,,,
,,,,,,,,,,,,,DEF (%),,,,,,,,,DEF (%),,,,,,
,,VIEW FULL SKILLSET,,,,,,,,,,,,,,,,,,,,,,,,,,
,,LAST UPDATED:,,,19/05/26,,,,,,,,Block Rate,,,,,,,,,Block Rate,,,,,,
,,HERO PROPERTIES,,,,,,,,,,,,,,,,,,,,,,,,,,
,,FALSE,TRUE,TRUE,FALSE,,,,,,,,HP (%),,,,,,,,,HP (%),,,,,,
,,NONE,EARLY,MIDGAME,END,,DEF (%),,Block Rate,,,,,,,DEF (%),,Block Rate,,,,,,,,,,
,,,,,,,-,,DMG Taken Reduction,,,,DEF,,,-,,DMG Taken Reduction,,,,DEF,,,,,,
,,EXCLUSIVE EQUIPMENT,,,,,,,,,,,,,,,,,,,,,,,,,,
,,,,,,,,,,,,,HP,,,,,,,,,HP,,,,,,
,,,,,,,,,,,,,,,,,,,,,,,,,,,,
,,,,,,,,,,,,,Speed,,,,,,,,,Speed,,,,,,
,,,,,,,,,,,,,,,,,,,,,,,,,,,,
,,Has awakening,,,,,DEF (%),,Block Rate,,"Block Rate +30%
Block DMG Reduction +15%",,,,,DEF (%),,Block Rate,,"DEF +45%, 
Effect Resist Rate +20%",,,,,,,,
,,,,,,,-,,DMG Taken Reduction,,,,,,,-,,DMG Taken Reduction,,,,,,,The MC of the game and a very useful one at that. Provides all the necessary shielding and bulk your team needs when you begin the game.,,,
,,,,,,,NOTES:,This build focuses on his self bulk where it boosts his survivability greatly. Will be recommended if your team doesn't have too much issue surviving.,,,,,,,,NOTES:,"Barrier scales off DEF so this build focuses on increasing the survivability of the entire team with his barrier. However, the barrier only last for 2 turns.",,,,,,,,,,,
,,,,,,,,,,,,,,,,,,,,,,,,,,,,
,,EVAN-T0,,,,,GATEKEEP-PWEAPON,,GATEKEEP-ARMOR,,DOT,,BLOCK,,,GUARDIAN-PWEAPON,,GUARDIAN-ARMOR,,DOT,,BLOCK,,,RAID-DG,CR-RUDY,SUDDENRAID-CALISTRA,CR-JAVE
,,,,,,,,,,,DEF,,HP,,,,,,,DEF,,HP,,,ADVENTURE BOTH,INFINITE TOWER,PUDUNGEON-EARTH,ADVENT-GOD
,,,,,,,,,,,,,,,,,,,,,,,,,,,,
,,,,,,,,,,,,,,,,,,,,,,,,,,,,
,,YUI,,,,,SKILL ENHANCEMENT,,,,,,,,,,,POTENTIALS,,,,,,,CORE ROLE,,,
,,,,,,,,,,,,,,,,,,-,,-,,-,,,,,,
,,,,,,,,,,,,,,,,,,,,,,,,,,,,
,,,,,,,BASIC ATK,,SKILL 1 / BTM SKILL,,SKILL 2 / TOP SKILL,,PASSIVE,,AWAKENED SKILL,,,,,,,,,,BURN IMMUNITY,,HEALING,
,,,,,,,,,,,,,,,,,,,,,,,,,,,,
,,,,,,,GEAR BUILDS,,,,,,,,,,,,,,,,,,OTHER KEY USAGE,,,
,,,,,,,,,,,,,,,,,,,,,,,,,,,,
,,,,,,,MAX HEALING,,,,,,,,,DEFENSIVE UTILITY,,,,,,,,,PVE,,,
,,,,,,,,,,,,,HP (%),,,,,,,,,HP (%),,,,,,
,,VIEW FULL SKILLSET,,,,,,,,,,,,,,,,,,,,,,,,,,
,,LAST UPDATED:,,,19/05/26,,,,,,,,HP,,,,,,,,,HP,,,,,,
,,HERO PROPERTIES,,,,,,,,,,,,,,,,,,,,,,,,,,
,,FALSE,TRUE,TRUE,FALSE,,,,,,,,Block Rate,,,,,,,,,Block Rate,,,,,,
,,NONE,EARLY,MIDGAME,END,,HP (%),,HP (%),,,,,,,HP (%),,Block Rate,,,,,,,,,,
,,,,,,,-,,-,,,,DEF (%),,,-,,HP (%),,,,DEF (%),,,,,,
,,EXCLUSIVE EQUIPMENT,,,,,,,,,,,,,,,,,,,,,,,,,,
,,,,,,,,,,,,,DEF,,,,,,,,,DEF,,,,,,
,,,,,,,,,,,,,,,,,,,,,,,,,,,,
,,,,,,,,,,,,,Speed,,,,,,,,,Speed,,,,,,
,,,,,,,,,,,,,,,,,,,,,,,,,,,,
,,,,,,,HP (%),,HP (%),,"HP +40%
Incoming Healing Boost +20%",,,,,HP (%),,Block Rate,,"Block Rate +30%
Block DMG Reduction +15%",,,,,,,,
,,,,,,,-,,-,,,,,,,-,,HP (%),,,,,,,"Apart from Burn Immunity & heals, she also has the rare ability to revive allies (very handy for early game players). Also, her basic attack can reduce MATK of enemies, further sustaining the team.",,,
,,,,,,,NOTES:,Healing scales off HP so push it to the maximum possible for reliable continuous healing per turn.,,,,,,,,NOTES:,"This build puts more focus on her bulk, if she is still not strong enough while also not forsaking the HP-scaling heals.",,,,,,,,,,,
,,,,,,,,,,,,,,,,,,,,,,,,,,,,
,,YUI-T0,,,,,PALADIN-MWEAPON,,PALADIN-ARMOR,,HP,,BLOCK,,,GATEKEEP-MWEAPON,,GATEKEEP-ARMOR,,HP,,BLOCK,,,RAID-DG,CR-ALL,SUDDENRAID-CALISTRA,INFINITE TOWER
,,,,,,,,,,,DOT,,HP,,,,,,,DOT,,HP,,,ADVENTURE BOTH,TOWER OF TRIALS,PUDUNGEON-FIRE,ADVENT-ALL
,,,,,,,,,,,,,,,,,,,,,,,,,,,,
,,,,,,,,,,,,,,,,,,,,,,,,,,,,
,,KARON,,,,,SKILL ENHANCEMENT,,,,,,,,,,,POTENTIALS,,,,,,,CORE ROLE,,,
,,,,,,,,,,,,,,,,,,-,,-,,-,,,,,,
,,,,,,,,,,,,,,,,,,,,,,,,,,,,
,,,,,,,BASIC ATK,,SKILL 1 / BTM SKILL,,SKILL 2 / TOP SKILL,,PASSIVE,,AWAKENED SKILL,,,,,,,,,,BLEED IMMUNITY,,HEALING,
,,,,,,,,,,,,,,,,,,,,,,,,,,,,
,,,,,,,GEAR BUILDS,,,,,,,,,,,,,,,,,,OTHER KEY USAGE,,,
,,,,,,,,,,,,,,,,,,,,,,,,,,,,
,,,,,,,TANK V1,,,,,,,,,TANK V2,,,,,,,,,PVE,,,
,,,,,,,,,,,,,All ATK (%),,,,,,,,,DEF (%),,,,,,
,,VIEW FULL SKILLSET,,,,,,,,,,,,,,,,,,,,,,,,,,
,,LAST UPDATED:,,,19/05/26,,,,,,,,Block Rate,,,,,,,,,Block Rate,,,,,,
,,HERO PROPERTIES,,,,,,,,,,,,,,,,,,,,,,,,,,
,,FALSE,TRUE,TRUE,TRUE,,,,,,,,HP (%),,,,,,,,,HP (%),,,,,,
,,NONE,EARLY,MIDGAME,END,,All ATK (%),,All ATK (%),,,,,,,All ATK (%),,All ATK (%),,,,,,,,,,
,,,,,,,-,,DMG Taken Reduction,,,,DEF,,,-,,DMG Taken Reduction,,,,Speed,,,,,,
,,EXCLUSIVE EQUIPMENT,,,,,,,,,,,,,,,,,,,,,,,,,,
,,,,,,,,,,,,,HP,,,,,,,,,All ATK (%),,,,,,
,,,,,,,,,,,,,,,,,,,,,,,,,,,,
,,,,,,,,,,,,,Speed,,,,,,,,,All ATK,,,,,,
,,,,,,,,,,,,,,,,,,,,,,,,,,,,
,,,,,,,All ATK (%),,All ATK (%),,"Block Rate +30%
Block DMG Reduction +15%",,,,,All ATK (%),,DMG Taken Reduction,,"All ATK +45%
Effect Hit Rate +20%",,,,,,,,
,,,,,,,-,,DMG Taken Reduction,,,,,,,-,,All ATK (%),,,,,,,"A healer with tons of healing that makes him even usable in areas outside of the mode he is meant for, espescially if you need a strong, reliable healer.",,,
,,,,,,,NOTES:,Healing scales of ATK% but also not forsaking survivalibity concerns.,,,,,,,,NOTES:,"Healing scales of ATK% so this build pushes his healing capabilities to the maximum. Just be careful such that his ATK does not exceed the damage dealers (it can happen). If your main stats are all ATK%, then regulate the substats.",,,,,,,,,,,
,,,,,,,,,,,,,,,,,,,,,,,,,,,,
,,KARON-T0,,,,,GATEKEEP-PWEAPON,,GATEKEEP-ARMOR,,DOT,,DEF,,,VAN-MWEAPON,,VAN-ARMOR,,DOT,,BLOCK,,,RAID-OX,INFINITE TOWER,SUDDENRAID-ASTREA,TOWER OF TRIALS
,,,,,,,,,,,BLOCK,,HP,,,,,,,DEF,,HP,,,ADVENTURE BOTH,NONE,PUDUNGEON-ALL,NONE
,,,,,,,,,,,,,,,,,,,,,,,,,,,,
,,,,,,,,,,,,,,,,,,,,,,,,,,,,
,,LEE JOOHEE,,,,,SKILL ENHANCEMENT,,,,,,,,,,,POTENTIALS,,,,,,,CORE ROLE,,,
,,,,,,,,,,,,,,,,,,-,,-,,-,,,,,,
,,,,,,,,,,,,,,,,,,,,,,,,,,,,
,,,,,,,BASIC ATK,,SKILL 1 / BTM SKILL,,SKILL 2 / TOP SKILL,,PASSIVE,,AWAKENED SKILL,,,,,,,,,,BLEED IMMUNITY,,HEALING,
,,,,,,,,,,,,,,,,,,,,,,,,,,,,
,,,,,,,GEAR BUILDS,,,,,,,,,,,,,,,,,,OTHER KEY USAGE,,,
,,,,,,,,,,,,,,,,,,,,,,,,,,,,
,,,,,,,TANK V1,,,,,,,,,TANK V2,,,,,,,,,PVE,,,
,,,,,,,,,,,,,All ATK (%),,,,,,,,,DEF (%),,,,,,
,,VIEW FULL SKILLSET,,,,,,,,,,,,,,,,,,,,,,,,,,
,,LAST UPDATED:,,,19/05/26,,,,,,,,Block Rate,,,,,,,,,Block Rate,,,,,,
,,HERO PROPERTIES,,,,,,,,,,,,,,,,,,,,,,,,,,
,,FALSE,TRUE,TRUE,TRUE,,,,,,,,HP (%),,,,,,,,,HP (%),,,,,,
,,NONE,EARLY,MIDGAME,END,,All ATK (%),,All ATK (%),,,,,,,All ATK (%),,All ATK (%),,,,,,,,,,
,,,,,,,-,,DMG Taken Reduction,,,,DEF,,,-,,DMG Taken Reduction,,,,Speed,,,,,,
,,EXCLUSIVE EQUIPMENT,,,,,,,,,,,,,,,,,,,,,,,,,,
,,,,,,,,,,,,,HP,,,,,,,,,All ATK (%),,,,,,
,,,,,,,,,,,,,,,,,,,,,,,,,,,,
,,,,,,,,,,,,,Speed,,,,,,,,,All ATK,,,,,,
,,,,,,,,,,,,,,,,,,,,,,,,,,,,
,,,,,,,All ATK (%),,All ATK (%),,"Block Rate +30%
Block DMG Reduction +15%",,,,,All ATK (%),,DMG Taken Reduction,,"All ATK +45%
Effect Hit Rate +20%",,,,,,,,
,,,,,,,-,,DMG Taken Reduction,,,,,,,-,,All ATK (%),,,,,,,"Essentially a female Karon but with cleanse instead of a wider targeting heal, which could also be her drawback as she may not heal the right heroes. ",,,
,,,,,,,NOTES:,Healing scales of ATK% but also not forsaking survivalibity concerns.,,,,,,,,NOTES:,"Healing scales of ATK% so this build pushes his healing capabilities to the maximum. Just be careful such that his ATK does not exceed the damage dealers (it can happen). If your main stats are all ATK%, then regulate the substats.",,,,,,,,,,,
,,,,,,,,,,,,,,,,,,,,,,,,,,,,
,,LEE JOOHEE-T0,,,,,GATEKEEP-PWEAPON,,GATEKEEP-ARMOR,,DOT,,DEF,,,VAN-MWEAPON,,VAN-ARMOR,,DOT,,BLOCK,,,RAID-OX,INFINITE TOWER,SUDDENRAID-ASTREA,TOWER OF TRIALS
,,,,,,,,,,,BLOCK,,HP,,,,,,,DEF,,HP,,,ADVENTURE BOTH,NONE,PUDUNGEON-ALL,NONE
,,,,,,,,,,,,,,,,,,,,,,,,,,,,
,,,,,,,,,,,,,,,,,,,,,,,,,,,,
,,BLACK ROSE,,,,,SKILL ENHANCEMENT,,,,,,,,,,,POTENTIALS,,,,,,,CORE ROLE,,,
,,,,,,,,,,,,,,,,,,Lv 30,,-,,-,,,,,,
,,,,,,,,,,,,,,,,,,,,,,,,,,,,
,,,,,,,BASIC ATK,,SKILL 1 / BTM SKILL,,SKILL 2 / TOP SKILL,,PASSIVE,,AWAKENED SKILL,,,,,,,,,,PETRIFY IMMUNITY,,BUFF REMOVAL,
,,,,,,,,,,,,,,,,,,,,,,,,,,,,
,,,,,,,GEAR BUILDS,,,,,,,,,,,,,,,,,,OTHER KEY USAGE,,,
,,,,,,,,,,,,,,,,,,,,,,,,,,,,
,,,,,,,CRIT-FOCUSED,,,,,,,,,,,,,,,,,,PVE,,,
,,,,,,,,,,,,,Crit Rate,,,,,,,,,,,,,,,
,,VIEW FULL SKILLSET,,,,,,,,,,,,,,,,,,,,,,,,,,
,,LAST UPDATED:,,,19/05/26,,,,,,,,Crit DMG,,,,,,,,,,,,,,,
,,HERO PROPERTIES,,,,,,,,,,,,,,,,,,,,,,,,,,
,,FALSE,TRUE,TRUE,TRUE,,,,,,,,All ATK (%),,,,,,,,,,,,,,,
,,NONE,EARLY,MIDGAME,END,,Crit Rate,,All ATK (%),,,,,,,,,,,,,,,,,,,
,,,,,,,Crit DMG,,DMG Taken Reduction,,,,Weakness Hit,,,,,,,,,,,,,,,
,,EXCLUSIVE EQUIPMENT,,,,,,,,,,,,,,,,,,,,,,,,,,
,,,,,,,,,,,,,All ATK,,,,,,,,,,,,,,,
,,,,,,,,,,,,,,,,,,,,,,,,,,,,
,,,,,,,,,,,,,Speed,,,,,,,,,,,,,,,
,,,,,,,,,,,,,,,,,,,,,,,,,,,,
,,,,,,,Crit Rate,,DMG Taken Reduction,,"Crit Rate +35%
Ignore DEF +15%",,,,,,,,,,,,,,,,,
,,,,,,,Crit DMG,,All ATK (%),,,,,,,,,,,,,,,,"Prior to getting Daisy, she will help you through the earlier stages of Ox King. Also an ATTACK type Petrify Immunity hero so she can fit well into pure ATTACK teams in Adventure/Tower when needed.",,,
,,,,,,,NOTES:,"Having high Crit Rate & decent Crit DMG is very essential in allowing her to kill the minions in the raids. If too frail, give 1 piece of DMG Taken Reduction armor.",,,,,,,,,,,,,,,,,,,,
,,,,,,,,,,,,,,,,,,,,,,,,,,,,
,,BLACK ROSE-T0,,,,,ASSASSIN-PWEAPON,,ASSASSIN-ARMOR,,BOSSDMG,,CRIT,,,,,,,,,,,,RAID-OX,NONE,SUDDENRAID-ASTREA,NONE
,,,,,,,,,,,45DMG,,WEAKNESS,,,,,,,,,,,,ADVENTURE BOTH,NONE,INFINITE TOWER,NONE
,,,,,,,,,,,,,,,,,,,,,,,,,,,,
,,,,,,,,,,,,,,,,,,,,,,,,,,,,
,,LUCY,,,,,SKILL ENHANCEMENT,,,,,,,,,,,POTENTIALS,,,,,,,CORE ROLE,,,
,,,,,,,,,,,,,,,,,,-,,-,,-,,,,,,
,,,,,,,,,,,,,,,,,,,,,,,,,,,,
,,,,,,,BASIC ATK,,SKILL 1 / BTM SKILL,,SKILL 2 / TOP SKILL,,PASSIVE,,AWAKENED SKILL,,,,,,,,,,POISON IMMUNITY,,CLEANSE,
,,,,,,,,,,,,,,,,,,,,,,,,,,,,
,,,,,,,GEAR BUILDS,,,,,,,,,,,,,,,,,,OTHER KEY USAGE,,,
,,,,,,,,,,,,,,,,,,,,,,,,,,,,
,,,,,,,TANK V1,,,,,,,,,,,,,,,,,,PVE,,,
,,,,,,,,,,,,,DEF (%),,,,,,,,,,,,,,,
,,VIEW FULL SKILLSET,,,,,,,,,,,,,,,,,,,,,,,,,,
,,LAST UPDATED:,,,19/05/26,,,,,,,,Block Rate,,,,,,,,,,,,,,,
,,HERO PROPERTIES,,,,,,,,,,,,,,,,,,,,,,,,,,
,,FALSE,TRUE,TRUE,TRUE,,,,,,,,HP (%),,,,,,,,,,,,,,,
,,NONE,EARLY,MIDGAME,END,,DEF (%),,DEF (%),,,,,,,,,,,,,,,,,,,
,,,,,,,-,,DMG Taken Reduction,,,,DEF,,,,,,,,,,,,,,,
,,EXCLUSIVE EQUIPMENT,,,,,,,,,,,,,,,,,,,,,,,,,,
,,,,,,,,,,,,,HP,,,,,,,,,,,,,,,
,,,,,,,,,,,,,,,,,,,,,,,,,,,,
,,,,,,,,,,,,,Speed,,,,,,,,,,,,,,,
,,,,,,,,,,,,,,,,,,,,,,,,,,,,
,,,,,,,DEF (%),,DEF (%),,"DEF +45%, 
Effect Resist Rate +20%",,,,,,,,,,,,,,,,,
,,,,,,,-,,DMG Taken Reduction,,,,,,,,,,,,,,,,"Apart fromPoison Immunity & heals, she also has the ability to remove 3 debuffs from allies. Also, her basic attack can reduce PATK of enemies, further sustaining the team.",,,
,,,,,,,NOTES:,Healing scales off DEF% so this build maximizes her DEF% and thereby her heals as well.,,,,,,,,,,,,,,,,,,,,
,,,,,,,,,,,,,,,,,,,,,,,,,,,,
,,LUCY-T0,,,,,GUARDIAN-MWEAPON,,GUARDIAN-ARMOR,,DOT,,BLOCK,,,,,,,,,,,,RAID-DG,ADVENT-YH,PUDUNGEON-DARK,TOWER OF TRIALS
,,,,,,,,,,,DEF,,HP,,,,,,,,,,,,ADVENTURE BOTH,NONE,INFINITE TOWER,NONE
,,,,,,,,,,,,,,,,,,,,,,,,,,,,
,,,,,,,,,,,,,,,,,,,,,,,,,,,,
,,VICTORIA,,,,,SKILL ENHANCEMENT,,,,,,,,,,,POTENTIALS,,,,,,,CORE ROLE,,,
,,,,,,,,,,,,,,,,,,-,,-,,-,,,,,,
,,,,,,,,,,,,,,,,,,,,,,,,,,,,
,,,,,,,BASIC ATK,,SKILL 1 / BTM SKILL,,SKILL 2 / TOP SKILL,,PASSIVE,,AWAKENED SKILL,,,,,,,,,,PARALYZE IMMUNITY,,MAGIC VULNERABILITY,
,,,,,,,,,,,,,,,,,,,,,,,,,,,,
,,,,,,,GEAR BUILDS,,,,,,,,,,,,,,,,,,OTHER KEY USAGE,,,
,,,,,,,,,,,,,,,,,,,,,,,,,,,,
,,,,,,,DEFENSIVE UTILITY,,,,,,,,,,,,,,,,,,PVE,,,
,,,,,,,,,,,,,DEF (%),,,,,,,,,,,,,,,
,,VIEW FULL SKILLSET,,,,,,,,,,,,,,,,,,,,,,,,,,
,,LAST UPDATED:,,,19/05/26,,,,,,,,Block Rate,,,,,,,,,,,,,,,
,,HERO PROPERTIES,,,,,,,,,,,,,,,,,,,,,,,,,,
,,FALSE,TRUE,FALSE,FALSE,,,,,,,,HP (%),,,,,,,,,,,,,,,
,,NONE,EARLY,MIDGAME,END,,DEF (%),,Block Rate,,,,,,,,,,,,,,,,,,,
,,,,,,,-,,DMG Taken Reduction,,,,DEF,,,,,,,,,,,,,,,
,,EXCLUSIVE EQUIPMENT,,,,,,,,,,,,,,,,,,,,,,,,,,
,,,,,,,,,,,,,HP,,,,,,,,,,,,,,,
,,,,,,,,,,,,,,,,,,,,,,,,,,,,
,,,,,,,,,,,,,Speed,,,,,,,,,,,,,,,
,,,,,,,,,,,,,,,,,,,,,,,,,,,,
,,,,,,,DEF (%),,Block Rate,,"Block Rate +30%
Block DMG Reduction +15%",,,,,,,,,,,,,,,,,
,,,,,,,-,,DMG Taken Reduction,,,,,,,,,,,,,,,,"Completely outclassed by Xiao Qiao but you will still need to build a Victoria to clear Raid Expedition missions. Still, being a Rare hero means she can be built faster than Xiao Qiao.",,,
,,,,,,,NOTES:,Prioritize on keeping her alive as her survivability is key in not letting your team get paralyzed.,,,,,,,,,,,,,,,,,,,,
,,,,,,,,,,,,,,,,,,,,,,,,,,,,
,,VICTORIA-T0,,,,,GATEKEEP-MWEAPON,,GATEKEEP-ARMOR,,DOT,,BLOCK,,,,,,,,,,,,RAID-ID,NONE,ADVENTURE BOTH,NONE
,,,,,,,,,,,DEF,,HP,,,,,,,,,,,,ADVENT-TEO,NONE,ADVENT-GOD,NONE
,,,,,,,,,,,,,,,,,,,,,,,,,,,,
,,DUNGEONS,,,,,,,,,,,,,,,,,,,,,,,,,,
,,,,,,,,,,,,,,,,,,,,,,,,,,,,
,,HEAVENIA,,,,,SKILL ENHANCEMENT,,,,,,,,,,,POTENTIALS,,,,,,,CORE ROLE,,,
,,,,,,,,,,,,,,,,,,-,,-,,-,,,,,,
,,,,,,,,,,,,,,,,,,,,,,,,,,,,
,,,,,,,BASIC ATK,,SKILL 1 / BTM SKILL,,SKILL 2 / TOP SKILL,,PASSIVE,,AWAKENED SKILL,,,,,,,,,,FREEZE,,,
,,,,,,,,,,,,,,,,,,,,,,,,,,,,
,,,,,,,GEAR BUILDS,,,,,,,,,,,,,,,,,,OTHER KEY USAGE,,,
,,,,,,,,,,,,,,,,,,,,,,,,,,,,
,,,,,,,FREEZE DAMAGE,,,,,,,,,,,,,,,,,,PVE,,,
,,,,,,,,,,,,,All ATK (%),,,,,,,,,,,,,,,
,,VIEW FULL SKILLSET,,,,,,,,,,,,,,,,,,,,,,,,,,
,,LAST UPDATED:,,,19/05/26,,,,,,,,Effect Hit,,,,,,,,,,,,,,,
,,HERO PROPERTIES,,,,,,,,,,,,,,,,,,,,,,,,,,
,,FALSE,TRUE,TRUE,TRUE,,,,,,,,All ATK,,,,,,,,,,,,,,,
,,NONE,EARLY,MIDGAME,END,,All ATK (%),,All ATK (%),,,,,,,,,,,,,,,,,,,
,,,,,,,-,,DMG Taken Reduction,,,,Speed,,,,,,,,,,,,,,,
,,EXCLUSIVE EQUIPMENT,,,,,,,,,,,,,,,,,,,,,,,,,,
,,,,,,,,,,,,,DEF (%),,,,,,,,,,,,,,,
,,,,,,,,,,,,,,,,,,,,,,,,,,,,
,,,,,,,,,,,,,HP (%),,,,,,,,,,,,,,,
,,,,,,,,,,,,,,,,,,,,,,,,,,,,
,,Has awakening,,,,,All ATK (%),,All ATK (%),,"DMG Dealt +30%
Boss DMG +40%",,,,,,,,,,,,,,,,,
,,,,,,,-,,DMG Taken Reduction,,,,,,,,,,,,,,,,For one purpose and one mode and one boss.,,,
,,,,,,,NOTES:,This build increases Freeze DMG dealt to the Bosses.,,,,,,,,,,,,,,,,,,,,
,,,,,,,,,,,,,,,,,,,,,,,,,,,,
,,HEAVENIA-T0,,,,,AVENGER-PWEAPON,,AVENGER-ARMOR,,FREEZE,,NONE,,,,,,,,,,,,PUDUNGEON-FIRE,NONE,NONE,NONE
,,,,,,,,,,,NONE,,NONE,,,,,,,,,,,,NONE,NONE,NONE,NONE
,,,,,,,,,,,,,,,,,,,,,,,,,,,,
,,,,,,,,,,,,,,,,,,,,,,,,,,,,
,,LANIA,,,,,SKILL ENHANCEMENT,,,,,,,,,,,POTENTIALS,,,,,,,CORE ROLE,,,
,,,,,,,,,,,,,,,,,,-,,-,,-,,,,,,
,,,,,,,,,,,,,,,,,,,,,,,,,,,,
,,,,,,,BASIC ATK,,SKILL 1 / BTM SKILL,,SKILL 2 / TOP SKILL,,PASSIVE,,AWAKENED SKILL,,,,,,,,,,FREEZE,,FREEZE IMMUNITY,
,,,,,,,,,,,,,,,,,,,,,,,,,,,,
,,,,,,,GEAR BUILDS,,,,,,,,,,,,,,,,,,OTHER KEY USAGE,,,
,,,,,,,,,,,,,,,,,,,,,,,,,,,,
,,,,,,,FREEZE DAMAGE,,,,,,,,,DEFENSIVE UTILITY,,,,,,,,,PVE,,,
,,,,,,,,,,,,,All ATK (%),,,,,,,,,All ATK (%),,,,,,
,,VIEW FULL SKILLSET,,,,,,,,,,,,,,,,,,,,,,,,,,
,,LAST UPDATED:,,,19/05/26,,,,,,,,Effect Hit,,,,,,,,,Effect Hit,,,,,,
,,HERO PROPERTIES,,,,,,,,,,,,,,,,,,,,,,,,,,
,,FALSE,TRUE,TRUE,FALSE,,,,,,,,All ATK,,,,,,,,,All ATK,,,,,,
,,NONE,EARLY,MIDGAME,END,,All ATK (%),,All ATK (%),,,,,,,DEF (%),,Block Rate,,,,,,,,,,
,,,,,,,-,,DMG Taken Reduction,,,,Speed,,,-,,DMG Taken Reduction,,,,Speed,,,,,,
,,EXCLUSIVE EQUIPMENT,,,,,,,,,,,,,,,,,,,,,,,,,,
,,,,,,,,,,,,,DEF (%),,,,,,,,,DEF (%),,,,,,
,,,,,,,,,,,,,,,,,,,,,,,,,,,,
,,,,,,,,,,,,,HP (%),,,,,,,,,HP (%),,,,,,
,,,,,,,,,,,,,,,,,,,,,,,,,,,,
,,,,,,,All ATK (%),,All ATK (%),,"DMG Dealt +30%
Boss DMG +40%",,,,,DEF (%),,Block Rate,,"Block Rate +30%
Block DMG Reduction +15%",,,,,,,,
,,,,,,,-,,DMG Taken Reduction,,,,,,,-,,DMG Taken Reduction,,,,,,,"A freeze hero also provides Freeze Immunity. Actually has a skill with 100% Freeze chance, making her great in Fire Power Up Dungeon.",,,
,,,,,,,NOTES:,This build increases Freeze DMG dealt to the Bosses.,,,,,,,,NOTES:,"If used for Freeze Immunity, go for bulk and survivability instead to prolong her utility on the field.",,,,,,,,,,,
,,,,,,,,,,,,,,,,,,,,,,,,,,,,
,,LANIA-T0,,,,,AVENGER-MWEAPON,,AVENGER-ARMOR,,FREEZE,,NONE,,,GATEKEEP-MWEAPON,,GATEKEEP-ARMOR,,GUTS,,BLOCK,,,PUDUNGEON-FIRE,NONE,CR-SPIKE,NONE
,,,,,,,,,,,NONE,,NONE,,,,,,,DOT,,DEF,,,NONE,NONE,NONE,NONE
,,,,,,,,,,,,,,,,,,,,,,,,,,,,
,,,,,,,,,,,,,,,,,,,,,,,,,,,,
,,CHLOE,,,,,SKILL ENHANCEMENT,,,,,,,,,,,POTENTIALS,,,,,,,CORE ROLE,,,
,,,,,,,,,,,,,,,,,,-,,-,,-,,,,,,
,,,,,,,,,,,,,,,,,,,,,,,,,,,,
,,,,,,,BASIC ATK,,SKILL 1 / BTM SKILL,,SKILL 2 / TOP SKILL,,PASSIVE,,AWAKENED SKILL,,,,,,,,,,SHOCK IMMUNITY,,UNABLE TO RECOVER,
,,,,,,,,,,,,,,,,,,,,,,,,,,,,
,,,,,,,GEAR BUILDS,,,,,,,,,,,,,,,,,,OTHER KEY USAGE,,,
,,,,,,,,,,,,,,,,,,,,,,,,,,,,
,,,,,,,DEFENSIVE UTILITY,,,,,,,,,ADVENT EXPEDITION YEONHEE SUPPORT,,,,,,,,,PVE,,,
,,,,,,,,,,,,,DEF (%),,,,,,,,,HP (%),,,,,,
,,VIEW FULL SKILLSET,,,,,,,,,,,,,,,,,,,,,,,,,,
,,LAST UPDATED:,,,19/05/26,,,,,,,,Block Rate,,,,,,,,,Block Rate,,,,,,
,,HERO PROPERTIES,,,,,,,,,,,,,,,,,,,,,,,,,,
,,FALSE,TRUE,TRUE,TRUE,,,,,,,,HP (%),,,,,,,,,DEF (%),,,,,,
,,NONE,EARLY,MIDGAME,END,,HP (%),,Block Rate,,,,,,,HP (%),,DMG Taken Reduction,,,,,,,,,,
,,,,,,,-,,DMG Taken Reduction,,,,Effect Resistance,,,-,,Block Rate,,,,Effect Resistance,,,,,,
,,EXCLUSIVE EQUIPMENT,,,,,,,,,,,,,,,,,,,,,,,,,,
,,,,,,,,,,,,,HP,,,,,,,,,HP,,,,,,
,,,,,,,,,,,,,,,,,,,,,,,,,,,,
,,,,,,,,,,,,,Speed,,,,,,,,,Speed,,,,,,
,,,,,,,,,,,,,,,,,,,,,,,,,,,,
,,Has awakening,,,,,HP (%),,Block Rate,,"Block Rate +30%
Block DMG Reduction +15%",,,,,HP (%),,DMG Taken Reduction,,"Effect Resist Rate +35%
Starts Battle with 1 turn CC Immunity",,,,,,,,
,,,,,,,-,,DMG Taken Reduction,,,,,,,-,,Block Rate,,,,,,,"A high utility Rare hero with not just those core effects above, but also has Crit Rate Boost, All ATK Boost, Debuff Removal and Buff Removal, which are all handy effects in PVE.",,,
,,,,,,,NOTES:,"Self-heal scales off HP. With a variety of useful effects, this build aims to sustain her on the field long enough for the intended modes.",,,,,,,,NOTES:,Make sure she has 1 turn CC Immunity otherwise Shadow Yeonhee will put her to Sleep and the run will be ruined. She needs to be awake to cleanse allies.,,,,,,,,,,,
,,,,,,,,,,,,,,,,,,,,,,,,,,,,
,,CHLOE-T0,,,,,GATEKEEP-MWEAPON,,GATEKEEP-ARMOR,,DOT,,BLOCK,,,ORCHES-MWEAPON,,ORCHES-ARMOR,,DOT,,BLOCK,,,PUDUNGEON-LIGHT,INFINITE TOWER,PUDUNGEON-WATER,ADVENTURE BOTH
,,,,,,,,,,,DEF,,HP,,,,,,,DEF,,HP,,,CR-EILEENE,TOWER OF TRIALS,ADVENT-YH,NONE
,,,,,,,,,,,,,,,,,,,,,,,,,,,,
,,,,,,,,,,,,,,,,,,,,,,,,,,,,
,,JANE,,,,,SKILL ENHANCEMENT,,,,,,,,,,,POTENTIALS,,,,,,,CORE ROLE,,,
,,,,,,,,,,,,,,,,,,-,,-,,-,,,,,,
,,,,,,,,,,,,,,,,,,,,,,,,,,,,
,,,,,,,BASIC ATK,,SKILL 1 / BTM SKILL,,SKILL 2 / TOP SKILL,,PASSIVE,,AWAKENED SKILL,,,,,,,,,,POISON,,,
,,,,,,,,,,,,,,,,,,,,,,,,,,,,
,,,,,,,GEAR BUILDS,,,,,,,,,,,,,,,,,,OTHER KEY USAGE,,,
,,,,,,,,,,,,,,,,,,,,,,,,,,,,
,,,,,,,POISON DAMAGE,,,,,,,,,POISON ACCURACY,,,,,,,,,PVE,,,
,,,,,,,,,,,,,All ATK (%),,,,,,,,,All ATK (%),,,,,,
,,VIEW FULL SKILLSET,,,,,,,,,,,,,,,,,,,,,,,,,,
,,LAST UPDATED:,,,19/05/26,,,,,,,,Effect Hit,,,,,,,,,Effect Hit,,,,,,
,,HERO PROPERTIES,,,,,,,,,,,,,,,,,,,,,,,,,,
,,FALSE,TRUE,TRUE,FALSE,,,,,,,,All ATK,,,,,,,,,All ATK,,,,,,
,,NONE,EARLY,MIDGAME,END,,All ATK (%),,All ATK (%),,,,,,,All ATK (%),,All ATK (%),,,,,,,,,,
,,,,,,,-,,DMG Taken Reduction,,,,Speed,,,-,,DMG Taken Reduction,,,,Speed,,,,,,
,,EXCLUSIVE EQUIPMENT,,,,,,,,,,,,,,,,,,,,,,,,,,
,,,,,,,,,,,,,DEF (%),,,,,,,,,DEF (%),,,,,,
,,,,,,,,,,,,,,,,,,,,,,,,,,,,
,,,,,,,,,,,,,HP (%),,,,,,,,,HP (%),,,,,,
,,,,,,,,,,,,,,,,,,,,,,,,,,,,
,,,,,,,All ATK (%),,All ATK (%),,"DMG Dealt +30%
Boss DMG +40%",,,,,All ATK (%),,All ATK (%),,"Effect Hit Rate +35%
Effect Probability +10%",,,,,,,,
,,,,,,,-,,DMG Taken Reduction,,,,,,,-,,DMG Taken Reduction,,,,,,,"Previously a reliable Poison hero but now outclassed by Bai Jiao (who is also free). Useful against Rook in Tower of Trials as he is weak to Poison. If using, make her T2.",,,
,,,,,,,NOTES:,This build increases Poison DMG dealt to the Bosses. Gatekeeper set is also possible for more bulk or just use DMG Taken Reduction.,,,,,,,,NOTES:,"If the Poison is not landing very well, then use this build for higher Poison Probability.",,,,,,,,,,,
,,,,,,,,,,,,,,,,,,,,,,,,,,,,
,,JANE-T0,,,,,AVENGER-PWEAPON,,AVENGER-ARMOR,,POISON,,NONE,,,SPELLWEAVE-PWEAPON,,SPELLWEAVE-ARMOR,,POISON,,NONE,,,PUDUNGEON-WATER,NONE,TOWER OF TRIALS,NONE
,,,,,,,,,,,NONE,,NONE,,,,,,,NONE,,NONE,,,NONE,NONE,NONE,NONE
,,,,,,,,,,,,,,,,,,,,,,,,,,,,
,,,,,,,,,,,,,,,,,,,,,,,,,,,,
,,FENG YAN,,,,,SKILL ENHANCEMENT,,,,,,,,,,,POTENTIALS,,,,,,,CORE ROLE,,,
,,,,,,,,,,,,,,,,,,Lv 30,,-,,-,,,,,,
,,,,,,,,,,,,,,,,,,,,,,,,,,,,
,,,,,,,BASIC ATK,,SKILL 1 / BTM SKILL,,SKILL 2 / TOP SKILL,,PASSIVE,,AWAKENED SKILL,,,,,,,,,,FREEZE IMMUNITY,,,
,,,,,,,,,,,,,,,,,,,,,,,,,,,,
,,,,,,,GEAR BUILDS,,,,,,,,,,,,,,,,,,KEY USAGE,,,
,,,,,,,,,,,,,,,,,,,,,,,,,,,,
,,,,,,,SUB DPS,,,,,,,,,DEFENSIVE UTILITY,,,,,,,,,PVE,,,
,,,,,,,,,,,,,Crit Rate,,,,,,,,,DEF (%),,,,,,
,,VIEW FULL SKILLSET,,,,,,,,,,,,,,,,,,,,,,,,,,
,,LAST UPDATED:,,,19/05/26,,,,,,,,Crit DMG,,,,,,,,,Block Rate,,,,,,
,,HERO PROPERTIES,,,,,,,,,,,,,,,,,,,,,,,,,,
,,FALSE,TRUE,TRUE,TRUE,,,,,,,,Weakness Hit,,,,,,,,,HP (%),,,,,,
,,NONE,EARLY,MIDGAME,END,,Crit Rate,,All ATK (%),,,,,,,DEF (%),,Block Rate,,,,,,,,,,
,,,,,,,Crit DMG,,DMG Taken Reduction,,,,All ATK (%),,,-,,DMG Taken Reduction,,,,DEF,,,,,,
,,EXCLUSIVE EQUIPMENT,,,,,,,,,,,,,,,,,,,,,,,,,,
,,,,,,,,,,,,,All ATK,,,,,,,,,HP,,,,,,
,,,,,,,,,,,,,,,,,,,,,,,,,,,,
,,,,,,,,,,,,,Speed,,,,,,,,,Speed,,,,,,
,,,,,,,,,,,,,,,,,,,,,,,,,,,,
,,Has awakening,,,,,Crit DMG,,All ATK (%),,"DMG Dealt +30%
Boss DMG +40%",,,,,DEF (%),,Block Rate,,"Block Rate +30%
Block DMG Reduction +15%",,,,,,,,
,,,,,,,Crit Rate,,DMG Taken Reduction,,,,,,,-,,DMG Taken Reduction,,,,,,,"A decent 3-TARGET damage dealer, especially if Taka/Bidam are not built yet. Also has Freeze Immunity making him quite a well-used hero.",,,
,,,,,,,NOTES:,He can serve as an early game Sub DPS alongside Ryan (in Castle Rush) or Phase 1 in Advent Expedition so ensure his Crit Rate is high and have at least 20% Weakness Hit Rate if used as Sub DPS.,,,,,,,,NOTES:,"If used for Freeze Immunity, go for bulk and survivability instead to prolong his utility on the field.",,,,,,,,,,,
,,,,,,,,,,,,,,,,,,,,,,,,,,,,
,,FENG YAN-T0,,,,,AVENGER-PWEAPON,,AVENGER-ARMOR,,BOSSDMG,,CRIT,,,GATEKEEP-PWEAPON,,GATEKEEP-ARMOR,,GUTS,,BLOCK,,,PUDUNGEON-WATER,NONE,CR-456,NONE
,,,,,,,,,,,13DMG,,WEAKNESS,,,,,,,DOT,,DEF,,,ADVENTURE BOTH,NONE,ADVENT-KARMA,NONE
,,,,,,,,,,,,,,,,,,,,,,,,,,,,
,,,,,,,,,,,,,,,,,,,,,,,,,,,,
,,YURI,,,,,SKILL ENHANCEMENT,,,,,,,,,,,POTENTIALS,,,,,,,CORE ROLE,,,
,,,,,,,,,,,,,,,,,,-,,-,,-,,,,,,
,,,,,,,,,,,,,,,,,,,,,,,,,,,,
,,,,,,,BASIC ATK,,SKILL 1 / BTM SKILL,,SKILL 2 / TOP SKILL,,PASSIVE,,AWAKENED SKILL,,,,,,,,,,BURN,,,
,,,,,,,,,,,,,,,,,,,,,,,,,,,,
,,,,,,,GEAR BUILDS,,,,,,,,,,,,,,,,,,KEY USAGE,,,
,,,,,,,,,,,,,,,,,,,,,,,,,,,,
,,,,,,,BURN DAMAGE DPS,,,,,,,,,,,,,,,,,,PVE,,,
,,,,,,,,,,,,,Crit Rate,,,,,,,,,,,,,,,
,,VIEW FULL SKILLSET,,,,,,,,,,,,,,,,,,,,,,,,,,
,,LAST UPDATED:,,,19/05/26,,,,,,,,Crit DMG,,,,,,,,,,,,,,,
,,HERO PROPERTIES,,,,,,,,,,,,,,,,,,,,,,,,,,
,,FALSE,TRUE,FALSE,FALSE,,,,,,,,Weakness Hit,,,,,,,,,,,,,,,
,,NONE,EARLY,MIDGAME,END,,Crit Rate,,All ATK (%),,,,,,,,,,,,,,,,,,,
,,,,,,,Crit DMG,,DMG Taken Reduction,,,,All ATK (%),,,,,,,,,,,,,,,
,,EXCLUSIVE EQUIPMENT,,,,,,,,,,,,,,,,,,,,,,,,,,
,,,,,,,,,,,,,All ATK,,,,,,,,,,,,,,,
,,,,,,,,,,,,,,,,,,,,,,,,,,,,
,,,,,,,,,,,,,Speed,,,,,,,,,,,,,,,
,,,,,,,,,,,,,,,,,,,,,,,,,,,,
,,Has awakening,,,,,Crit DMG,,All ATK (%),,"DMG Dealt +30%
Boss DMG +40%",,,,,,,,,,,,,,,,,
,,,,,,,Crit Rate,,DMG Taken Reduction,,,,,,,,,,,,,,,,"While she is outclassed by both Xiao Qiao and Pascal (who are both free now), she can be used for her Burn capabilities in Earth Power Up Dungeon still.",,,
,,,,,,,NOTES:,"This build increases Burn DMG dealt to the Bosses. She is also a strong ST Magic damage dealer so focusing on Crit Rate & Crit DMG is key. If used in Iron Devourer, make sure Weakness Hit is high too.",,,,,,,,,,,,,,,,,,,,
,,,,,,,,,,,,,,,,,,,,,,,,,,,,
,,YURI-T0,,,,,AVENGER-PWEAPON,,AVENGER-ARMOR,,BOSSDMG,,BURN,,,,,,,,,,,,RAID-ID,NONE,PUDUNGEON-EARTH,NONE
,,,,,,,,,,,13DMG,,WEAKNESS,,,,,,,,,,,,ADVENT-TEO,NONE,NONE,NONE
,,,,,,,,,,,,,,,,,,,,,,,,,,,,
,,,,,,,,,,,,,,,,,,,,,,,,,,,,
,,JOKER,,,,,SKILL ENHANCEMENT,,,,,,,,,,,POTENTIALS,,,,,,,CORE ROLE,,,
,,,,,,,,,,,,,,,,,,-,,-,,-,,,,,,
,,,,,,,,,,,,,,,,,,,,,,,,,,,,
,,,,,,,BASIC ATK,,SKILL 1 / BTM SKILL,,SKILL 2 / TOP SKILL,,PASSIVE,,AWAKENED SKILL,,,,,,,,,,MULTI-HIT,,BUFF REMOVAL,
,,,,,,,,,,,,,,,,,,,,,,,,,,,,
,,,,,,,GEAR BUILDS,,,,,,,,,,,,,,,,,,OTHER KEY USAGE,,,
,,,,,,,,,,,,,,,,,,,,,,,,,,,,
,,,,,,,DEFENSIVE UTILITY,,,,,,,,,,,,,,,,,,PVE,,,
,,,,,,,,,,,,,DEF (%),,,,,,,,,,,,,,,
,,VIEW FULL SKILLSET,,,,,,,,,,,,,,,,,,,,,,,,,,
,,LAST UPDATED:,,,19/05/26,,,,,,,,Block Rate,,,,,,,,,,,,,,,
,,HERO PROPERTIES,,,,,,,,,,,,,,,,,,,,,,,,,,
,,FALSE,TRUE,TRUE,TRUE,,,,,,,,HP (%),,,,,,,,,,,,,,,
,,NONE,EARLY,MIDGAME,END,,DEF (%),,Block Rate,,,,,,,,,,,,,,,,,,,
,,,,,,,-,,DMG Taken Reduction,,,,DEF,,,,,,,,,,,,,,,
,,EXCLUSIVE EQUIPMENT,,,,,,,,,,,,,,,,,,,,,,,,,,
,,,,,,,,,,,,,HP,,,,,,,,,,,,,,,
,,,,,,,,,,,,,,,,,,,,,,,,,,,,
,,,,,,,,,,,,,Speed,,,,,,,,,,,,,,,
,,,,,,,,,,,,,,,,,,,,,,,,,,,,
,,,,,,,DEF (%),,Block Rate,,"Block Rate +30%
Block DMG Reduction +15%",,,,,,,,,,,,,,,,,
,,,,,,,-,,DMG Taken Reduction,,,,,,,,,,,,,,,,One of the rare heroes with 7 hits on 1 skill and can also hit twice with his Basic attack. Also have Buff Removal at T2 and Crit DMG buff for newer Castle Rush players.,,,
,,,,,,,NOTES:,Pretty frail so best to build defensively on him so that he can quickly shred DMG Nullification.,,,,,,,,,,,,,,,,,,,,
,,,,,,,,,,,,,,,,,,,,,,,,,,,,
,,JOKER-T0,,,,,GATEKEEP-PWEAPON,,GATEKEEP-ARMOR,,GUTS,,BLOCK,,,,,,,,,,,,PUDUNGEON-LIGHT,NONE,TOWER OF TRIALS,NONE
,,,,,,,,,,,DOT,,DEF,,,,,,,,,,,,CR-RUDY,NONE,CR-SPIKE,NONE
,,,,,,,,,,,,,,,,,,,,,,,,,,,,
,,,,,,,,,,,,,,,,,,,,,,,,,,,,
,,LING LING,,,,,SKILL ENHANCEMENT,,,,,,,,,,,POTENTIALS,,,,,,,CORE ROLE,,,
,,,,,,,,,,,,,,,,,,-,,-,,-,,,,,,
,,,,,,,,,,,,,,,,,,,,,,,,,,,,
,,,,,,,BASIC ATK,,SKILL 1 / BTM SKILL,,SKILL 2 / TOP SKILL,,PASSIVE,,AWAKENED SKILL,,,,,,,,,,MULTI-HIT,,EFFECT HIT RATE BOOST,
,,,,,,,,,,,,,,,,,,,,,,,,,,,,
,,,,,,,GEAR BUILDS,,,,,,,,,,,,,,,,,,OTHER KEY USAGE,,,
,,,,,,,,,,,,,,,,,,,,,,,,,,,,
,,,,,,,DEFENSIVE UTILITY,,,,,,,,,SUB DPS,,,,,,,,,PVE,,,
,,,,,,,,,,,,,All ATK (%),,,,,,,,,All ATK (%),,,,,,
,,VIEW FULL SKILLSET,,,,,,,,,,,,,,,,,,,,,,,,,,
,,LAST UPDATED:,,,19/05/26,,,,,,,,All ATK,,,,,,,,,All ATK,,,,,,
,,HERO PROPERTIES,,,,,,,,,,,,,,,,,,,,,,,,,,
,,FALSE,TRUE,TRUE,TRUE,,,,,,,,Weakness Hit,,,,,,,,,Weakness Hit,,,,,,
,,NONE,EARLY,MIDGAME,END,,All ATK (%),,Block Rate,,,,,,,All ATK (%),,All ATK (%),,,,,,,,,,
,,,,,,,Crit Rate,,DMG Taken Reduction,,,,Speed,,,-,,DMG Taken Reduction,,,,Speed,,,,,,
,,EXCLUSIVE EQUIPMENT,,,,,,,,,,,,,,,,,,,,,,,,,,
,,,,,,,,,,,,,Crit Rate,,,,,,,,,Crit Rate,,,,,,
,,,,,,,,,,,,,,,,,,,,,,,,,,,,
,,,,,,,,,,,,,Crit DMG,,,,,,,,,Crit DMG,,,,,,
,,,,,,,,,,,,,,,,,,,,,,,,,,,,
,,,,,,,All ATK (%),,Block Rate,,"Block Rate +30%
Block DMG Reduction +15%",,,,,All ATK (%),,All ATK (%),,"DMG Dealt +30%
Boss DMG +40%",,,,,,,,
,,,,,,,Crit Rate,,DMG Taken Reduction,,,,,,,-,,DMG Taken Reduction,,,,,,,"Has two skills with many hits, allowing her to remove DMG nullification very efficiently. ",,,
,,,,,,,NOTES:,Barrier scales of ATK% so this build focuses on that while also keeping her survivability decent.,,,,,,,,NOTES:,"With primary use to remove hit shields, stacking on additional DOT potential makes her an all-in-one DMG nullification shredder,",,,,,,,,,,,
,,,,,,,,,,,,,,,,,,,,,,,,,,,,
,,LING LING-T0,,,,,GATEKEEP-MWEAPON,,GATEKEEP-ARMOR,,POISON,,BURN,,,AVENGER-MWEAPON,,AVENGER-ARMOR,,POISON,,BURN,,,PUDUNGEON-LIGHT,NONE,TOWER OF TRIALS,NONE
,,,,,,,,,,,BLEED,,BLOCK,,,,,,,BLEED,,EFFECTHIT,,,NONE,NONE,NONE,NONE
,,,,,,,,,,,,,,,,,,,,,,,,,,,,
,,,,,,,,,,,,,,,,,,,,,,,,,,,,
,,ZHAO YUN,,,,,SKILL ENHANCEMENT,,,,,,,,,,,POTENTIALS,,,,,,,CORE ROLE,,,
,,,,,,,,,,,,,,,,,,-,,-,,-,,,,,,
,,,,,,,,,,,,,,,,,,,,,,,,,,,,
,,,,,,,BASIC ATK,,SKILL 1 / BTM SKILL,,SKILL 2 / TOP SKILL,,PASSIVE,,AWAKENED SKILL,,,,,,,,,,BLIND IMMUNITY,,BLEED,
,,,,,,,,,,,,,,,,,,,,,,,,,,,,
,,,,,,,GEAR BUILDS,,,,,,,,,,,,,,,,,,KEY USAGE,,,
,,,,,,,,,,,,,,,,,,,,,,,,,,,,
,,,,,,,SUB DPS,,,,,,,,,,,,,,,,,,PVE,,,
,,,,,,,,,,,,,Crit Rate,,,,,,,,,,,,,,,
,,VIEW FULL SKILLSET,,,,,,,,,,,,,,,,,,,,,,,,,,
,,LAST UPDATED:,,,19/05/26,,,,,,,,Crit DMG,,,,,,,,,,,,,,,
,,HERO PROPERTIES,,,,,,,,,,,,,,,,,,,,,,,,,,
,,FALSE,TRUE,TRUE,TRUE,,,,,,,,Weakness Hit,,,,,,,,,,,,,,,
,,NONE,EARLY,MIDGAME,END,,Crit Rate,,All ATK (%),,,,,,,,,,,,,,,,,,,
,,,,,,,Crit DMG,,DMG Taken Reduction,,,,All ATK (%),,,,,,,,,,,,,,,
,,EXCLUSIVE EQUIPMENT,,,,,,,,,,,,,,,,,,,,,,,,,,
,,,,,,,,,,,,,All ATK,,,,,,,,,,,,,,,
,,,,,,,,,,,,,,,,,,,,,,,,,,,,
,,,,,,,,,,,,,Speed,,,,,,,,,,,,,,,
,,,,,,,,,,,,,,,,,,,,,,,,,,,,
,,,,,,,Crit DMG,,All ATK (%),,"DMG Dealt +30%
Boss DMG +40%",,,,,,,,,,,,,,,,,
,,,,,,,Crit Rate,,DMG Taken Reduction,,,,,,,,,,,,,,,,"The only hero with Blind Immunity and making him necessary to be built to take on Calistra. Also, with two skills that Bleed, he is perfect for Dark Power Up Dungeon.",,,
,,,,,,,NOTES:,Primarily geared with this build for chip damage on the boss. Enhances Bleed DMG too.,,,,,,,,,,,,,,,,,,,,
,,,,,,,,,,,,,,,,,,,,,,,,,,,,
,,ZHAO YUN-T0,,,,,AVENGER-PWEAPON,,AVENGER-ARMOR,,IMMORTAL,,13DMG,,,,,,,,,,,,SUDDENRAID-CALISTRA,NONE,PUDUNGEON-DARK,NONE
,,,,,,,,,,,BOSSDMG,,DMGCOMBI,,,,,,,,,,,,NONE,NONE,NONE,NONE
,,,,,,,,,,,,,,,,,,,,,,,,,,,,
,,OTHER PVE,,,,,,,,,,,,,,,,,,,,,,,,,,
,,OUTCLASSED,,,,,,,,,,,,,,,,,,,,,,,,,,
,,,,,,,,,,,,,,,,,,,,,,,,,,,,
,,JIN,,,,,SKILL ENHANCEMENT,,,,,,,,,,,POTENTIALS,,,,,,,CORE ROLE,,,
,,,,,,,,,,,,,,,,,,-,,-,,-,,,,,,
,,,,,,,,,,,,,,,,,,,,,,,,,,,,
,,,,,,,BASIC ATK,,SKILL 1 / BTM SKILL,,SKILL 2 / TOP SKILL,,PASSIVE,,AWAKENED SKILL,,,,,,,,,,SILENCE IMMUNITY,,,
,,,,,,,,,,,,,,,,,,,,,,,,,,,,
,,,,,,,GEAR BUILDS,,,,,,,,,,,,,,,,,,KEY USAGE,,,
,,,,,,,,,,,,,,,,,,,,,,,,,,,,
,,,,,,,SUB DPS,,,,,,,,,DEFENSIVE UTILITY,,,,,,,,,PVE,,PVP,
,,,,,,,,,,,,,Crit Rate,,,,,,,,,DEF (%),,,,,,
,,VIEW FULL SKILLSET,,,,,,,,,,,,,,,,,,,,,,,,,,
,,LAST UPDATED:,,,19/05/26,,,,,,,,Crit DMG,,,,,,,,,Block Rate,,,,,,
,,HERO PROPERTIES,,,,,,,,,,,,,,,,,,,,,,,,,,
,,FALSE,TRUE,FALSE,FALSE,,,,,,,,Weakness Hit,,,,,,,,,HP (%),,,,,,
,,NONE,EARLY,MIDGAME,END,,Crit Rate,,DMG Taken Reduction,,,,,,,Crit Rate,,All ATK (%),,,,,,,,,,
,,,,,,,Crit DMG,,All ATK (%),,,,All ATK (%),,,Crit DMG,,DMG Taken Reduction,,,,DEF,,,,,,
,,EXCLUSIVE EQUIPMENT,,,,,,,,,,,,,,,,,,,,,,,,,,
,,,,,,,,,,,,,All ATK,,,,,,,,,HP,,,,,,
,,,,,,,,,,,,,,,,,,,,,,,,,,,,
,,,,,,,,,,,,,Speed,,,,,,,,,Speed,,,,,,
,,,,,,,,,,,,,,,,,,,,,,,,,,,,
,,,,,,,Crit DMG,,All ATK (%),,"DMG Dealt +30%
Boss DMG +40%",,,,,Crit DMG,,All ATK (%),,"Block Rate +30%
Block DMG Reduction +15%",,,,,,,,
,,,,,,,Crit Rate,,DMG Taken Reduction,,,,,,,Crit Rate,,DMG Taken Reduction,,,,,,,"Has been replaced by Deo for all areas that require Silence Immunity. However, if you do not have Deo, you will need to use Jin either as a initial phase DPS or just for Silence Immunity.",,,
,,,,,,,NOTES:,"A build to allow him to do more chip damage on the boss. At T6, he gains 31% ATK Boost so you must make sure his ATK doesn't exceed your main DPSs.",,,,,,,,NOTES:,"If used for Silence Immunity, go for bulk and survivability instead to prolong his utility on the field.",,,,,,,,,,,
,,,,,,,,,,,,,,,,,,,,,,,,,,,,
,,JIN-T0,,,,,AVENGER-PWEAPON,,AVENGER-ARMOR,,GUTS,,13DMG,,,GATEKEEP-PWEAPON,,GATEKEEP-ARMOR,,GUTS,,BLOCK,,,CR-DELLONS,NONE,TOWER OF TRIALS,NONE
,,,,,,,,,,,BOSSDMG,,CRIT,,,,,,,DOT,,DEF,,,NONE,NONE,NONE,NONE
,,,,,,,,,,,,,,,,,,,,,,,,,,,,
,,,,,,,,,,,,,,,,,,,,,,,,,,,,
,,CATTY,,,,,SKILL ENHANCEMENT,,,,,,,,,,,POTENTIALS,,,,,,,CORE ROLE,,,
,,,,,,,,,,,,,,,,,,-,,-,,-,,,,,,
,,,,,,,,,,,,,,,,,,,,,,,,,,,,
,,,,,,,BASIC ATK,,SKILL 1 / BTM SKILL,,SKILL 2 / TOP SKILL,,PASSIVE,,AWAKENED SKILL,,,,,,,,,,BLOCK RATE REDUCTION,,CRIT RATE BOOST,
,,,,,,,,,,,,,,,,,,,,,,,,,,,,
,,,,,,,GEAR BUILDS,,,,,,,,,,,,,,,,,,KEY USAGE,,,
,,,,,,,,,,,,,,,,,,,,,,,,,,,,
,,,,,,,DEFENSIVE UTILITY,,,,,,,,,,,,,,,,,,PVE,,PVP,
,,,,,,,,,,,,,Crit Rate,,,,,,,,,,,,,,,
,,VIEW FULL SKILLSET,,,,,,,,,,,,,,,,,,,,,,,,,,
,,LAST UPDATED:,,,19/05/26,,,,,,,,Crit Rate,,,,,,,,,,,,,,,
,,HERO PROPERTIES,,,,,,,,,,,,,,,,,,,,,,,,,,
,,FALSE,FALSE,TRUE,TRUE,,,,,,,,Weakness Hit,,,,,,,,,,,,,,,
,,NONE,EARLY,MIDGAME,END,,Crit Rate,,Block Rate,,,,,,,,,,,,,,,,,,,
,,,,,,,-,,DMG Taken Reduction,,,,Speed,,,,,,,,,,,,,,,
,,EXCLUSIVE EQUIPMENT,,,,,,,,,,,,,,,,,,,,,,,,,,
,,,,,,,,,,,,,All ATK (%),,,,,,,,,,,,,,,
,,,,,,,,,,,,,,,,,,,,,,,,,,,,
,,,,,,,,,,,,,All ATK,,,,,,,,,,,,,,,
,,,,,,,,,,,,,,,,,,,,,,,,,,,,
,,,,,,,Crit Rate,,Block Rate,,"Block Rate +30%
Block DMG Reduction +15%",,,,,,,,,,,,,,,,,
,,,,,,,-,,DMG Taken Reduction,,,,,,,,,,,,,,,,"Only used for specifically 1 boss - Platin - to lower his Block Rate and to increase allies' Crit Rate & Weakness Hit Chance. However, outclassed by Randgrid with even greater Block Rate Reduction.",,,
,,,,,,,NOTES:,Maximize her Crit Rate in order for her to land Crits consistently.,,,,,,,,,,,,,,,,,,,,
,,,,,,,,,,,,,,,,,,,,,,,,,,,,
,,CATTY-T0,,,,,GATEKEEP-PWEAPON,,GATEKEEP-ARMOR,,GUTS,,WEAKNESS,,,,,,,,,,,,TOWER OF TRIALS,NONE,NONE,NONE
,,,,,,,,,,,CRIT,,NONE,,,,,,,,,,,,NONE,NONE,NONE,NONE
,,,,,,,,,,,,,,,,,,,,,,,,,,,,
,,,,,,,,,,,,,,,,,,,,,,,,,,,,
,,ARIEL,,,,,SKILL ENHANCEMENT,,,,,,,,,,,POTENTIALS,,,,,,,CORE ROLE,,,
,,,,,,,,,,,,,,,,,,-,,-,,-,,,,,,
,,,,,,,,,,,,,,,,,,,,,,,,,,,,
,,,,,,,BASIC ATK,,SKILL 1 / BTM SKILL,,SKILL 2 / TOP SKILL,,PASSIVE,,AWAKENED SKILL,,,,,,,,,,BURN IMMUNITY,,MDMG BOOST,
,,,,,,,,,,,,,,,,,,,,,,,,,,,,
,,,,,,,GEAR BUILDS,,,,,,,,,,,,,,,,,,KEY USAGE,,,
,,,,,,,,,,,,,,,,,,,,,,,,,,,,
,,,,,,,SUB DPS,,,,,,,,,DEFENSIVE UTILITY,,,,,,,,,PVE,,PVP,
,,,,,,,,,,,,,Crit Rate,,,,,,,,,DEF (%),,,,,,
,,VIEW FULL SKILLSET,,,,,,,,,,,,,,,,,,,,,,,,,,
,,LAST UPDATED:,,,19/05/26,,,,,,,,Crit DMG,,,,,,,,,Block Rate,,,,,,
,,HERO PROPERTIES,,,,,,,,,,,,,,,,,,,,,,,,,,
,,FALSE,TRUE,FALSE,FALSE,,,,,,,,Weakness Hit,,,,,,,,,HP (%),,,,,,
,,NONE,EARLY,MIDGAME,END,,Crit Rate,,All ATK (%),,,,,,,DEF (%),,Block Rate,,,,,,,,,,
,,,,,,,Crit DMG,,DMG Taken Reduction,,,,All ATK (%),,,-,,DMG Taken Reduction,,,,DEF,,,,,,
,,EXCLUSIVE EQUIPMENT,,,,,,,,,,,,,,,,,,,,,,,,,,
,,,,,,,,,,,,,All ATK,,,,,,,,,HP,,,,,,
,,,,,,,,,,,,,,,,,,,,,,,,,,,,
,,,,,,,,,,,,,Speed,,,,,,,,,Speed,,,,,,
,,,,,,,,,,,,,,,,,,,,,,,,,,,,
,,Has awakening,,,,,Crit DMG,,All ATK (%),,"DMG Dealt +30%
Boss DMG +40%",,,,,DEF (%),,Block Rate,,"Block Rate +30%
Block DMG Reduction +15%",,,,,,,,
,,,,,,,Crit Rate,,DMG Taken Reduction,,,,,,,-,,DMG Taken Reduction,,,,,,,"Primary MDMG buffer who also provides Burn Immunity and applies DEF Reduction. Unfortunately, there are other Burn Immunity providers that have better utility.",,,
,,,,,,,NOTES:,"With 2 3-TARGET AOEs, she can also do decently well in Castle Rush. However, can be too fragile on this build so you may not favour it.",,,,,,,,NOTES:,"If used for MDMG Boost, go for bulk and survivability instead to prolong her utility on the field.",,,,,,,,,,,
,,,,,,,,,,,,,,,,,,,,,,,,,,,,
,,ARIEL-T0,,,,,AVENGER-PWEAPON,,AVENGER-ARMOR,,BOSSDMG,,CRIT,,,GATEKEEP-PWEAPON,,GATEKEEP-ARMOR,,GUTS,,BLOCK,,,PUDUNGEON-FIRE,NONE,CR-RACHEL,NONE
,,,,,,,,,,,13DMG,,WEAKNESS,,,,,,,DOT,,DEF,,,CR-JAVE,NONE,ADVENT-YH,NONE
,,,,,,,,,,,,,,,,,,,,,,,,,,,,
,,,,,,,,,,,,,,,,,,,,,,,,,,,,
,,ASURA,,,,,SKILL ENHANCEMENT,,,,,,,,,,,POTENTIALS,,,,,,,CORE ROLE,,,
,,,,,,,,,,,,,,,,,,-,,-,,-,,,,,,
,,,,,,,,,,,,,,,,,,,,,,,,,,,,
,,,,,,,BASIC ATK,,SKILL 1 / BTM SKILL,,SKILL 2 / TOP SKILL,,PASSIVE,,AWAKENED SKILL,,,,,,,,,,FOCUS TARGET,,BARRIER,
,,,,,,,,,,,,,,,,,,,,,,,,,,,,
,,,,,,,GEAR BUILDS,,,,,,,,,,,,,,,,,,KEY USAGE,,,
,,,,,,,,,,,,,,,,,,,,,,,,,,,,
,,,,,,,BARRIER,,,,,,,,,,,,,,,,,,PVE,,PVP,
,,,,,,,,,,,,,All ATK (%),,,,,,,,,,,,,,,
,,VIEW FULL SKILLSET,,,,,,,,,,,,,,,,,,,,,,,,,,
,,LAST UPDATED:,,,19/05/26,,,,,,,,All ATK,,,,,,,,,,,,,,,
,,HERO PROPERTIES,,,,,,,,,,,,,,,,,,,,,,,,,,
,,FALSE,TRUE,FALSE,FALSE,,,,,,,,Weakness Hit,,,,,,,,,,,,,,,
,,NONE,EARLY,MIDGAME,END,,All ATK (%),,All ATK (%),,,,,,,,,,,,,,,,,,,
,,,,,,,-,,DMG Taken Reduction,,,,Block Rate,,,,,,,,,,,,,,,
,,EXCLUSIVE EQUIPMENT,,,,,,,,,,,,,,,,,,,,,,,,,,
,,,,,,,,,,,,,HP (%),,,,,,,,,,,,,,,
,,,,,,,,,,,,,,,,,,,,,,,,,,,,
,,,,,,,,,,,,,DEF (%),,,,,,,,,,,,,,,
,,,,,,,,,,,,,,,,,,,,,,,,,,,,
,,,,,,,All ATK (%),,All ATK (%),,"All ATK +45%
Effect Hit Rate +20%",,,,,,,,,,,,,,,,,
,,,,,,,Weakness Hit,,DMG Taken Reduction,,,,,,,,,,,,,,,,"With Weakness Hit buff from Biscuit, Focus Target unique to her has become pointless. Can still be useful in certain Tower of Trial bosses where barriers are needed.",,,
,,,,,,,NOTES:,Barrier scales with ATK% so this build ensures her barrier is thick enough to keep the team alive.,,,,,,,,,,,,,,,,,,,,
,,,,,,,,,,,,,,,,,,,,,,,,,,,,
,,ASURA-T0,,,,,VAN-MWEAPON,,VAN-ARMOR,,BLOCK,,NONE,,,,,,,,,,,,RAID-ID,NONE,TOWER OF TRIALS,NONE
,,,,,,,,,,,NONE,,NONE,,,,,,,,,,,,NONE,NONE,NONE,NONE
,,,,,,,,,,,,,,,,,,,,,,,,,,,,
,,,,,,,,,,,,,,,,,,,,,,,,,,,,
,,JUPY,,,,,SKILL ENHANCEMENT,,,,,,,,,,,POTENTIALS,,,,,,,CORE ROLE,,,
,,,,,,,,,,,,,,,,,,-,,-,,-,,,,,,
,,,,,,,,,,,,,,,,,,,,,,,,,,,,
,,,,,,,BASIC ATK,,SKILL 1 / BTM SKILL,,SKILL 2 / TOP SKILL,,PASSIVE,,AWAKENED SKILL,,,,,,,,,,POISON,,,
,,,,,,,,,,,,,,,,,,,,,,,,,,,,
,,,,,,,GEAR BUILDS,,,,,,,,,,,,,,,,,,KEY USAGE,,,
,,,,,,,,,,,,,,,,,,,,,,,,,,,,
,,,,,,,BURN DAMAGE DPS,,,,,,,,,,,,,,,,,,PVE,,PVP,
,,,,,,,,,,,,,Crit DMG,,,,,,,,,,,,,,,
,,VIEW FULL SKILLSET,,,,,,,,,,,,,,,,,,,,,,,,,,
,,LAST UPDATED:,,,19/05/26,,,,,,,,Weakness Hit,,,,,,,,,,,,,,,
,,HERO PROPERTIES,,,,,,,,,,,,,,,,,,,,,,,,,,
,,TRUE,FALSE,FALSE,FALSE,,,,,,,,Crit Rate,,,,,,,,,,,,,,,
,,NONE,EARLY,MIDGAME,END,,Crit Rate,,All ATK (%),,,,,,,,,,,,,,,,,,,
,,,,,,,Crit DMG,,DMG Taken Reduction,,,,All ATK (%),,,,,,,,,,,,,,,
,,EXCLUSIVE EQUIPMENT,,,,,,,,,,,,,,,,,,,,,,,,,,
,,,,,,,,,,,,,All ATK,,,,,,,,,,,,,,,
,,,,,,,,,,,,,,,,,,,,,,,,,,,,
,,,,,,,,,,,,,Speed,,,,,,,,,,,,,,,
,,,,,,,,,,,,,,,,,,,,,,,,,,,,
,,Has awakening,,,,,Crit DMG,,All ATK (%),,"DMG Dealt +30%
Boss DMG +40%",,,,,,,,,,,,,,,,,
,,,,,,,Crit Rate,,DMG Taken Reduction,,,,,,,,,,,,,,,,None longer essential after Bai Long was released. Does Poison on basic attack but chance is too low to use her consistently.,,,
,,,,,,,NOTES:,"For a ST damage dealer, S1 gives her Crit Rate boost (37%) & at T4 (14%) so she only needs 49% Crit Rate from gears and focus can shift to Crit DMG & Weakness Hit. This build also increases Poison DMG dealt to the Bosses. ",,,,,,,,,,,,,,,,,,,,
,,,,,,,,,,,,,,,,,,,,,,,,,,,,
,,JUPY-T0,,,,,AVENGER-PWEAPON,,AVENGER-ARMOR,,BOSSDMG,,BURN,,,,,,,,,,,,RAID-DG,NONE,ADVENT-KYLE,NONE
,,,,,,,,,,,13DMG,,WEAKNESS,,,,,,,,,,,,PUDUNGEON-WATER,NONE,NONE,NONE
,,,,,,,,,,,,,,,,,,,,,,,,,,,,
,,,,,,,,,,,,,,,,,,,,,,,,,,,,
,,SNIPPER,,,,,SKILL ENHANCEMENT,,,,,,,,,,,POTENTIALS,,,,,,,CORE ROLE,,,
,,,,,,,,,,,,,,,,,,-,,-,,-,,,,,,
,,,,,,,,,,,,,,,,,,,,,,,,,,,,
,,,,,,,BASIC ATK,,SKILL 1 / BTM SKILL,,SKILL 2 / TOP SKILL,,PASSIVE,,AWAKENED SKILL,,,,,,,,,,BURN,,,
,,,,,,,,,,,,,,,,,,,,,,,,,,,,
,,,,,,,GEAR BUILDS,,,,,,,,,,,,,,,,,,KEY USAGE,,,
,,,,,,,,,,,,,,,,,,,,,,,,,,,,
,,,,,,,BURN DAMAGE DPS,,,,,,,,,,,,,,,,,,PVE,,,
,,,,,,,,,,,,,Crit Rate,,,,,,,,,,,,,,,
,,VIEW FULL SKILLSET,,,,,,,,,,,,,,,,,,,,,,,,,,
,,LAST UPDATED:,,,19/05/26,,,,,,,,Crit DMG,,,,,,,,,,,,,,,
,,HERO PROPERTIES,,,,,,,,,,,,,,,,,,,,,,,,,,
,,FALSE,TRUE,FALSE,FALSE,,,,,,,,Weakness Hit,,,,,,,,,,,,,,,
,,NONE,EARLY,MIDGAME,END,,All ATK (%),,All ATK (%),,,,,,,,,,,,,,,,,,,
,,,,,,,Crit Rate,,DMG Taken Reduction,,,,All ATK (%),,,,,,,,,,,,,,,
,,EXCLUSIVE EQUIPMENT,,,,,,,,,,,,,,,,,,,,,,,,,,
,,,,,,,,,,,,,All ATK,,,,,,,,,,,,,,,
,,,,,,,,,,,,,,,,,,,,,,,,,,,,
,,,,,,,,,,,,,Speed,,,,,,,,,,,,,,,
,,,,,,,,,,,,,,,,,,,,,,,,,,,,
,,Has awakening,,,,,All ATK (%),,All ATK (%),,"DMG Dealt +30%
Boss DMG +40%",,,,,,,,,,,,,,,,,
,,,,,,,Crit Rate,,DMG Taken Reduction,,,,,,,,,,,,,,,,"Outclassed by Espada (who is now free) so the importance of him has dropped. If Espada is not built fast enough, a T6 Snipper could potentially do better in Ox King.",,,
,,,,,,,NOTES:,This build increases Burn DMG dealt to the Bosses. ,,,,,,,,,,,,,,,,,,,,
,,,,,,,,,,,,,,,,,,,,,,,,,,,,
,,SNIPPER-T0,,,,,AVENGER-PWEAPON,,AVENGER-ARMOR,,BOSSDMG,,BURN,,,,,,,,,,,,RAID-OX,NONE,PUDUNGEON-EARTH,NONE
,,,,,,,,,,,13DMG,,WEAKNESS,,,,,,,,,,,,NONE,NONE,NONE,NONE
,,,,,,,,,,,,,,,,,,,,,,,,,,,,
,,,,,,,,,,,,,,,,,,,,,,,,,,,,
,,REI,,,,,SKILL ENHANCEMENT,,,,,,,,,,,POTENTIALS,,,,,,,CORE ROLE,,,
,,,,,,,,,,,,,,,,,,-,,-,,-,,,,,,
,,,,,,,,,,,,,,,,,,,,,,,,,,,,
,,,,,,,BASIC ATK,,SKILL 1 / BTM SKILL,,SKILL 2 / TOP SKILL,,PASSIVE,,AWAKENED SKILL,,,,,,,,,,5-MAN AOE,,,
,,,,,,,,,,,,,,,,,,,,,,,,,,,,
,,,,,,,GEAR BUILDS,,,,,,,,,,,,,,,,,,OTHER KEY USAGE,,,
,,,,,,,,,,,,,,,,,,,,,,,,,,,,
,,,,,,,CRIT-FOCUSED,,,,,,,,,,,,,,,,,,PVE,,PVP,
,,,,,,,,,,,,,Crit Rate,,,,,,,,,,,,,,,
,,VIEW FULL SKILLSET,,,,,,,,,,,,,,,,,,,,,,,,,,
,,LAST UPDATED:,,,19/05/26,,,,,,,,Crit DMG,,,,,,,,,,,,,,,
,,HERO PROPERTIES,,,,,,,,,,,,,,,,,,,,,,,,,,
,,FALSE,TRUE,FALSE,FALSE,,,,,,,,All ATK (%),,,,,,,,,,,,,,,
,,NONE,EARLY,MIDGAME,END,,Crit Rate,,All ATK (%),,,,,,,,,,,,,,,,,,,
,,,,,,,Crit DMG,,DMG Taken Reduction,,,,Weakness Hit,,,,,,,,,,,,,,,
,,EXCLUSIVE EQUIPMENT,,,,,,,,,,,,,,,,,,,,,,,,,,
,,,,,,,,,,,,,All ATK,,,,,,,,,,,,,,,
,,,,,,,,,,,,,,,,,,,,,,,,,,,,
,,,,,,,,,,,,,Speed,,,,,,,,,,,,,,,
,,,,,,,,,,,,,,,,,,,,,,,,,,,,
,,,,,,,Crit Rate,,DMG Taken Reduction,,"Crit Rate +35%
Ignore DEF +15%",,,,,,,,,,,,,,,,,
,,,,,,,Crit DMG,,All ATK (%),,,,,,,,,,,,,,,,"AOE damage dealer that can help carry for quite a distance in Adventure, especially with Poison & Bleed at her fingertips to deal DOT on the enemies.",,,
,,,,,,,NOTES:,Having high Crit Rate & decent Crit DMG for consistent DMG is important.,,,,,,,,,,,,,,,,,,,,
,,,,,,,,,,,,,,,,,,,,,,,,,,,,
,,REI-T0,,,,,ASSASSIN-PWEAPON,,ASSASSIN-ARMOR,,45DMG,,WEAKNESS,,,,,,,,,,,,ADVENTURE NORMAL,NONE,FARMING,NONE
,,,,,,,,,,,CRIT,,DMG,,,,,,,,,,,,NONE,NONE,NONE,NONE
,,,,,,,,,,,,,,,,,,,,,,,,,,,,
,,,,,,,,,,,,,,,,,,,,,,,,,,,,
,,LI,,,,,SKILL ENHANCEMENT,,,,,,,,,,,POTENTIALS,,,,,,,CORE ROLE,,,
,,,,,,,,,,,,,,,,,,-,,-,,-,,,,,,
,,,,,,,,,,,,,,,,,,,,,,,,,,,,
,,,,,,,BASIC ATK,,SKILL 1 / BTM SKILL,,SKILL 2 / TOP SKILL,,PASSIVE,,AWAKENED SKILL,,,,,,,,,,TAUNT,,HP ALTERATION,
,,,,,,,,,,,,,,,,,,,,,,,,,,,,
,,,,,,,GEAR BUILDS,,,,,,,,,,,,,,,,,,OTHER KEY USAGE,,,
,,,,,,,,,,,,,,,,,,,,,,,,,,,,
,,,,,,,DEFENSIVE UTILITY,,,,,,,,,ADVENT EXPEDITION YEONHEE SUPPORT,,,,,,,,,PVE,,,
,,,,,,,,,,,,,HP (%),,,,,,,,,HP (%),,,,,,
,,VIEW FULL SKILLSET,,,,,,,,,,,,,,,,,,,,,,,,,,
,,LAST UPDATED:,,,19/05/26,,,,,,,,Block Rate,,,,,,,,,Block Rate,,,,,,
,,HERO PROPERTIES,,,,,,,,,,,,,,,,,,,,,,,,,,
,,FALSE,TRUE,TRUE,FALSE,,,,,,,,DEF (%),,,,,,,,,DEF (%),,,,,,
,,NONE,EARLY,MIDGAME,END,,HP (%),,Block Rate,,,,,,,HP (%),,DMG Taken Reduction,,,,,,,,,,
,,,,,,,-,,DMG Taken Reduction,,,,Effect Resistance,,,-,,Block Rate,,,,Effect Resistance,,,,,,
,,EXCLUSIVE EQUIPMENT,,,,,,,,,,,,,,,,,,,,,,,,,,
,,,,,,,,,,,,,HP,,,,,,,,,HP,,,,,,
,,,,,,,,,,,,,,,,,,,,,,,,,,,,
,,,,,,,,,,,,,Speed,,,,,,,,,Speed,,,,,,
,,,,,,,,,,,,,,,,,,,,,,,,,,,,
,,Has awakening,,,,,HP (%),,Block Rate,,"Block Rate +30%
Block DMG Reduction +15%",,,,,HP (%),,DMG Taken Reduction,,"Effect Resist Rate +35%
Starts Battle with 1 turn CC Immunity",,,,,,,,
,,,,,,,-,,DMG Taken Reduction,,,,,,,-,,Block Rate,,,,,,,"Very good tank with Taunt and also Physical Immunity. However, with Ryan having the same ability, he doesn't need to be used as much. Still has a pretty useful HP Alteration skill for high HP enemies. Also has Counter!",,,
,,,,,,,NOTES:,"Focus on bulk so that if his Taunt and Physical Immunity wears off, he will not die easily.",,,,,,,,NOTES:,This build is if you go 2nd and want to still apply your Taunt to protect the team before anything else occurs.,,,,,,,,,,,
,,,,,,,,,,,,,,,,,,,,,,,,,,,,
,,LI-T0,,,,,GATEKEEP-PWEAPON,,GATEKEEP-ARMOR,,BLOCK,,DEF,,,ORCHES-PWEAPON,,ORCHES-ARMOR,,BLOCK,,DEF,,,ADVENTURE BOTH,NONE,INFINITE TOWER,NONE
,,,,,,,,,,,HP,,DEATH,,,,,,,HP,,DEATH,,,TOWER OF TRIALS,NONE,NONE,NONE
,,,,,,,,,,,,,,,,,,,,,,,,,,,,
,,,,,,,,,,,,,,,,,,,,,,,,,,,,
,,KARIN,,,,,SKILL ENHANCEMENT,,,,,,,,,,,POTENTIALS,,,,,,,CORE ROLE,,,
,,,,,,,,,,,,,,,,,,-,,-,,-,,,,,,
,,,,,,,,,,,,,,,,,,,,,,,,,,,,
,,,,,,,BASIC ATK,,SKILL 1 / BTM SKILL,,SKILL 2 / TOP SKILL,,PASSIVE,,AWAKENED SKILL,,,,,,,,,,PETRIFY IMMUNITY,,,
,,,,,,,,,,,,,,,,,,,,,,,,,,,,
,,,,,,,GEAR BUILDS,,,,,,,,,,,,,,,,,,OTHER KEY USAGE,,,
,,,,,,,,,,,,,,,,,,,,,,,,,,,,
,,,,,,,DEFENSIVE UTILITY,,,,,,,,,,,,,,,,,,PVE,,PVP,
,,,,,,,,,,,,,All ATK (%),,,,,,,,,,,,,,,
,,VIEW FULL SKILLSET,,,,,,,,,,,,,,,,,,,,,,,,,,
,,LAST UPDATED:,,,19/05/26,,,,,,,,Block Rate,,,,,,,,,,,,,,,
,,HERO PROPERTIES,,,,,,,,,,,,,,,,,,,,,,,,,,
,,TRUE,FALSE,FALSE,FALSE,,,,,,,,HP (%),,,,,,,,,,,,,,,
,,NONE,EARLY,MIDGAME,END,,All ATK (%),,Block Rate,,,,,,,,,,,,,,,,,,,
,,,,,,,HP (%),,DMG Taken Reduction,,,,DEF (%),,,,,,,,,,,,,,,
,,EXCLUSIVE EQUIPMENT,,,,,,,,,,,,,,,,,,,,,,,,,,
,,,,,,,,,,,,,HP,,,,,,,,,,,,,,,
,,,,,,,,,,,,,,,,,,,,,,,,,,,,
,,,,,,,,,,,,,Speed,,,,,,,,,,,,,,,
,,,,,,,,,,,,,,,,,,,,,,,,,,,,
,,Has awakening,,,,,All ATK (%),,Block Rate,,"Block Rate +30%
Block DMG Reduction +15%",,,,,,,,,,,,,,,,,
,,,,,,,HP (%),,DMG Taken Reduction,,,,,,,,,,,,,,,,"Despite being an MC too, does not see much usage in almost any content. Revive can come in handy for newer players who have poorer survivability and want to earn stars in Adventure.",,,
,,,,,,,NOTES:,Heals scale off ATK% so this build not only makes her bulky enough but also allows for substantial healing.,,,,,,,,,,,,,,,,,,,,
,,,,,,,,,,,,,,,,,,,,,,,,,,,,
,,KARIN-T0,,,,,GATEKEEP-MWEAPON,,GATEKEEP-ARMOR,,DOT,,BLOCK,,,,,,,,,,,,ADVENTURE BOTH,NONE,GUILD WAR,NONE
,,,,,,,,,,,DEF,,HP,,,,,,,,,,,,NONE,NONE,NONE,NONE
,,,,,,,,,,,,,,,,,,,,,,,,,,,,
,,,,,,,,,,,,,,,,,,,,,,,,,,,,
,,HELLENIA,,,,,SKILL ENHANCEMENT,,,,,,,,,,,POTENTIALS,,,,,,,CORE ROLE,,,
,,,,,,,,,,,,,,,,,,-,,-,,-,,,,,,
,,,,,,,,,,,,,,,,,,,,,,,,,,,,
,,,,,,,BASIC ATK,,SKILL 1 / BTM SKILL,,SKILL 2 / TOP SKILL,,PASSIVE,,AWAKENED SKILL,,,,,,,,,,TAUNT,,CLEANSE,
,,,,,,,,,,,,,,,,,,,,,,,,,,,,
,,,,,,,GEAR BUILDS,,,,,,,,,,,,,,,,,,OTHER KEY USAGE,,,
,,,,,,,,,,,,,,,,,,,,,,,,,,,,
,,,,,,,DEFENSIVE UTILITY,,,,,,,,,,,,,,,,,,PVE,,PVP,
,,,,,,,,,,,,,DEF (%),,,,,,,,,,,,,,,
,,VIEW FULL SKILLSET,,,,,,,,,,,,,,,,,,,,,,,,,,
,,LAST UPDATED:,,,19/05/26,,,,,,,,Block Rate,,,,,,,,,,,,,,,
,,HERO PROPERTIES,,,,,,,,,,,,,,,,,,,,,,,,,,
,,FALSE,TRUE,FALSE,FALSE,,,,,,,,HP (%),,,,,,,,,,,,,,,
,,NONE,EARLY,MIDGAME,END,,DEF (%),,Block Rate,,,,,,,,,,,,,,,,,,,
,,,,,,,-,,DMG Taken Reduction,,,,Effect Resistance,,,,,,,,,,,,,,,
,,EXCLUSIVE EQUIPMENT,,,,,,,,,,,,,,,,,,,,,,,,,,
,,,,,,,,,,,,,HP,,,,,,,,,,,,,,,
,,,,,,,,,,,,,,,,,,,,,,,,,,,,
,,,,,,,,,,,,,Speed,,,,,,,,,,,,,,,
,,,,,,,,,,,,,,,,,,,,,,,,,,,,
,,Has awakening,,,,,DEF (%),,Block Rate,,"DEF +45%, 
Effect Resist Rate +20%",,,,,,,,,,,,,,,,,
,,,,,,,-,,DMG Taken Reduction,,,,,,,,,,,,,,,,"Very good tank with Taunt and also Magic Immunity. However, as most enemies in Adventure are Physical, her usage even from the early gameplay is low.",,,
,,,,,,,NOTES:,"Self-heal scales off DEF so it aims to raise her DEF as high as possible, while maintaining bulk.",,,,,,,,,,,,,,,,,,,,
,,,,,,,,,,,,,,,,,,,,,,,,,,,,
,,HELLENIA-T0,,,,,GUARDIAN-PWEAPON,,GUARDIAN-ARMOR,,BLOCK,,HP,,,,,,,,,,,,INFINITE TOWER,NONE,ADVENTURE BOTH,NONE
,,,,,,,,,,,DEF,,DEATH,,,,,,,,,,,,NONE,NONE,NONE,NONE
,,,,,,,,,,,,,,,,,,,,,,,,,,,,
,,,,,,,,,,,,,,,,,,,,,,,,,,,,
,,NOHO,,,,,SKILL ENHANCEMENT,,,,,,,,,,,POTENTIALS,,,,,,,CORE ROLE,,,
,,,,,,,,,,,,,,,,,,-,,-,,-,,,,,,
,,,,,,,,,,,,,,,,,,,,,,,,,,,,
,,,,,,,BASIC ATK,,SKILL 1 / BTM SKILL,,SKILL 2 / TOP SKILL,,PASSIVE,,AWAKENED SKILL,,,,,,,,,,BUFF REMOVAL,,HP ALTERATION,
,,,,,,,,,,,,,,,,,,,,,,,,,,,,
,,,,,,,GEAR BUILDS,,,,,,,,,,,,,,,,,,OTHER KEY USAGE,,,
,,,,,,,,,,,,,,,,,,,,,,,,,,,,
,,,,,,,DEFENSIVE UTILITY,,,,,,,,,,,,,,,,,,PVE,,PVP,
,,,,,,,,,,,,,HP (%),,,,,,,,,,,,,,,
,,VIEW FULL SKILLSET,,,,,,,,,,,,,,,,,,,,,,,,,,
,,LAST UPDATED:,,,19/05/26,,,,,,,,Block Rate,,,,,,,,,,,,,,,
,,HERO PROPERTIES,,,,,,,,,,,,,,,,,,,,,,,,,,
,,FALSE,TRUE,TRUE,FALSE,,,,,,,,DEF (%),,,,,,,,,,,,,,,
,,NONE,EARLY,MIDGAME,END,,HP (%),,Block Rate,,,,,,,,,,,,,,,,,,,
,,,,,,,-,,DMG Taken Reduction,,,,Effect Resistance,,,,,,,,,,,,,,,
,,EXCLUSIVE EQUIPMENT,,,,,,,,,,,,,,,,,,,,,,,,,,
,,,,,,,,,,,,,HP,,,,,,,,,,,,,,,
,,,,,,,,,,,,,,,,,,,,,,,,,,,,
,,,,,,,,,,,,,Speed,,,,,,,,,,,,,,,
,,,,,,,,,,,,,,,,,,,,,,,,,,,,
,,,,,,,HP (%),,Block Rate,,"Block Rate +30%
Block DMG Reduction +15%",,,,,,,,,,,,,,,,,
,,,,,,,-,,DMG Taken Reduction,,,,,,,,,,,,,,,,Early game MATK booster with a scary HP alteration of 25% being able to hit 2 targets. Used to be super useful in Nightmare Adventure but heroes have since powercrept her. ,,,
,,,,,,,NOTES:,Some DMG multipliers scale of HP. This build makes her bulky enough to sustain HP Alteration.,,,,,,,,,,,,,,,,,,,,
,,,,,,,,,,,,,,,,,,,,,,,,,,,,
,,NOHO-T0,,,,,GATEKEEP-MWEAPON,,GATEKEEP-ARMOR,,DOT,,BLOCK,,,,,,,,,,,,ADVENTURE NIGHTMARE,NONE,CR-RUDY,NONE
,,,,,,,,,,,DEF,,HP,,,,,,,,,,,,CR-SPIKE,NONE,INFINITE TOWER,NONE
,,,,,,,,,,,,,,,,,,,,,,,,,,,,
,,,,,,,,,,,,,,,,,,,,,,,,,,,,
,,SERA,,,,,SKILL ENHANCEMENT,,,,,,,,,,,POTENTIALS,,,,,,,CORE ROLE,,,
,,,,,,,,,,,,,,,,,,Lv 30,,-,,-,,,,,,
,,,,,,,,,,,,,,,,,,,,,,,,,,,,
,,,,,,,BASIC ATK,,SKILL 1 / BTM SKILL,,SKILL 2 / TOP SKILL,,PASSIVE,,AWAKENED SKILL,,,,,,,,,,3-MAN AOE,,,
,,,,,,,,,,,,,,,,,,,,,,,,,,,,
,,,,,,,GEAR BUILDS,,,,,,,,,,,,,,,,,,OTHER KEY USAGE,,,
,,,,,,,,,,,,,,,,,,,,,,,,,,,,
,,,,,,,CR/ADVENT DPS,,,,,,,,,,,,,,,,,,PVE,,PVP,
,,,,,,,,,,,,,Crit Rate,,,,,,,,,,,,,,,
,,VIEW FULL SKILLSET,,,,,,,,,,,,,,,,,,,,,,,,,,
,,LAST UPDATED:,,,19/05/26,,,,,,,,Crit DMG,,,,,,,,,,,,,,,
,,HERO PROPERTIES,,,,,,,,,,,,,,,,,,,,,,,,,,
,,TRUE,FALSE,FALSE,FALSE,,,,,,,,Weakness Hit,,,,,,,,,,,,,,,
,,NONE,EARLY,MIDGAME,END,,Crit Rate,,All ATK (%),,,,,,,,,,,,,,,,,,,
,,,,,,,Crit DMG,,-,,,,All ATK (%),,,,,,,,,,,,,,,
,,EXCLUSIVE EQUIPMENT,,,,,,,,,,,,,,,,,,,,,,,,,,
,,,,,,,,,,,,,All ATK,,,,,,,,,,,,,,,
,,,,,,,,,,,,,,,,,,,,,,,,,,,,
,,,,,,,,,,,,,Speed,,,,,,,,,,,,,,,
,,,,,,,,,,,,,,,,,,,,,,,,,,,,
,,,,,,,Crit DMG,,All ATK (%),,"DMG Dealt +30%
Boss DMG +40%",,,,,,,,,,,,,,,,,
,,,,,,,Crit Rate,,-,,,,,,,,,,,,,,,,An early game 3-TARGET damage dealer that is easy to transcend to get decent PVE scores. Naturally has gotten outclassed by many other powerful Magic DPS.,,,
,,,,,,,NOTES:,Has passive Crit Rate Boost (27%) & at T4 (14$) so will only need 59% Crit Rate from gears. Assassin set is also fine if it's too difficult to get high Crit Rate.,,,,,,,,,,,,,,,,,,,,
,,,,,,,,,,,,,,,,,,,,,,,,,,,,
,,SERA-T0,,,,,AVENGER-PWEAPON,,AVENGER-ARMOR,,BOSSDMG,,CRIT,,,,,,,,,,,,CR-123,NONE,ADVENT-YH,NONE
,,,,,,,,,,,13DMG,,WEAKNESS,,,,,,,,,,,,NONE,NONE,NONE,NONE
,,,,,,,,,,,,,,,,,,,,,,,,,,,,
,,,,,,,,,,,,,,,,,,,,,,,,,,,,
,,SARAH,,,,,SKILL ENHANCEMENT,,,,,,,,,,,POTENTIALS,,,,,,,CORE ROLE,,,
,,,,,,,,,,,,,,,,,,-,,-,,-,,,,,,
,,,,,,,,,,,,,,,,,,,,,,,,,,,,
,,,,,,,BASIC ATK,,SKILL 1 / BTM SKILL,,SKILL 2 / TOP SKILL,,PASSIVE,,AWAKENED SKILL,,,,,,,,,,SLEEP IMMUNITY,,,
,,,,,,,,,,,,,,,,,,,,,,,,,,,,
,,,,,,,GEAR BUILDS,,,,,,,,,,,,,,,,,,OTHER KEY USAGE,,,
,,,,,,,,,,,,,,,,,,,,,,,,,,,,
,,,,,,,DEFENSIVE UTILITY,,,,,,,,,,,,,,,,,,PVE,,PVP,
,,,,,,,,,,,,,DEF (%),,,,,,,,,,,,,,,
,,VIEW FULL SKILLSET,,,,,,,,,,,,,,,,,,,,,,,,,,
,,LAST UPDATED:,,,19/05/26,,,,,,,,Block Rate,,,,,,,,,,,,,,,
,,HERO PROPERTIES,,,,,,,,,,,,,,,,,,,,,,,,,,
,,FALSE,TRUE,FALSE,FALSE,,,,,,,,HP (%),,,,,,,,,,,,,,,
,,NONE,EARLY,MIDGAME,END,,HP (%),,Block Rate,,,,,,,,,,,,,,,,,,,
,,,,,,,-,,DMG Taken Reduction,,,,Effect Resistance,,,,,,,,,,,,,,,
,,EXCLUSIVE EQUIPMENT,,,,,,,,,,,,,,,,,,,,,,,,,,
,,,,,,,,,,,,,HP,,,,,,,,,,,,,,,
,,,,,,,,,,,,,,,,,,,,,,,,,,,,
,,,,,,,,,,,,,Speed,,,,,,,,,,,,,,,
,,,,,,,,,,,,,,,,,,,,,,,,,,,,
,,,,,,,HP (%),,Block Rate,,"Block Rate +30%
Block DMG Reduction +15%",,,,,,,,,,,,,,,,,
,,,,,,,-,,DMG Taken Reduction,,,,,,,,,,,,,,,,The only hero with Sleep Immunity designed for Advent Expedition Yeonhee but there are better teams for that without needing her.,,,
,,,,,,,NOTES:,Focus on making sure she survives.,,,,,,,,,,,,,,,,,,,,
,,,,,,,,,,,,,,,,,,,,,,,,,,,,
,,SARAH-T0,,,,,GATEKEEP-MWEAPON,,GATEKEEP-ARMOR,,DOT,,BLOCK,,,,,,,,,,,,ADVENT-YH,NONE,NONE,NONE
,,,,,,,,,,,DEF,,HP,,,,,,,,,,,,NONE,NONE,NONE,NONE
,,,,,,,,,,,,,,,,,,,,,,,,,,,,
,,,,,,,,,,,,,,,,,,,,,,,,,,,,
,,SOI,,,,,SKILL ENHANCEMENT,,,,,,,,,,,POTENTIALS,,,,,,,CORE ROLE,,,
,,,,,,,,,,,,,,,,,,-,,-,,-,,,,,,
,,,,,,,,,,,,,,,,,,,,,,,,,,,,
,,,,,,,BASIC ATK,,SKILL 1 / BTM SKILL,,SKILL 2 / TOP SKILL,,PASSIVE,,AWAKENED SKILL,,,,,,,,,,BUFF REMOVAL,,BLEED,
,,,,,,,,,,,,,,,,,,,,,,,,,,,,
,,,,,,,GEAR BUILDS,,,,,,,,,,,,,,,,,,OTHER KEY USAGE,,,
,,,,,,,,,,,,,,,,,,,,,,,,,,,,
,,,,,,,DEFENSIVE UTILITY,,,,,,,,,,,,,,,,,,PVE,,PVP,
,,,,,,,,,,,,,DEF (%),,,,,,,,,,,,,,,
,,VIEW FULL SKILLSET,,,,,,,,,,,,,,,,,,,,,,,,,,
,,LAST UPDATED:,,,19/05/26,,,,,,,,Block Rate,,,,,,,,,,,,,,,
,,HERO PROPERTIES,,,,,,,,,,,,,,,,,,,,,,,,,,
,,TRUE,FALSE,FALSE,FALSE,,,,,,,,HP (%),,,,,,,,,,,,,,,
,,NONE,EARLY,MIDGAME,END,,HP (%),,Block Rate,,,,,,,,,,,,,,,,,,,
,,,,,,,-,,DMG Taken Reduction,,,,Effect Resistance,,,,,,,,,,,,,,,
,,EXCLUSIVE EQUIPMENT,,,,,,,,,,,,,,,,,,,,,,,,,,
,,,,,,,,,,,,,HP,,,,,,,,,,,,,,,
,,,,,,,,,,,,,,,,,,,,,,,,,,,,
,,,,,,,,,,,,,Speed,,,,,,,,,,,,,,,
,,,,,,,,,,,,,,,,,,,,,,,,,,,,
,,Has awakening,,,,,HP (%),,Block Rate,,"Block Rate +30%
Block DMG Reduction +15%",,,,,,,,,,,,,,,,,
,,,,,,,-,,DMG Taken Reduction,,,,,,,,,,,,,,,,Once used mainly for her Bleed capabilities but has been outclassed with Zhaoyun. Buff Removal capabiltiies are also overtaken.,,,
,,,,,,,NOTES:,Focus on making sure she survives.,,,,,,,,,,,,,,,,,,,,
,,,,,,,,,,,,,,,,,,,,,,,,,,,,
,,SOI-T0,,,,,GATEKEEP-MWEAPON,,GATEKEEP-ARMOR,,DOT,,BLOCK,,,,,,,,,,,,PUDUNGEON-DARK,NONE,CR-SPIKE,NONE
,,,,,,,,,,,DEF,,HP,,,,,,,,,,,,CR-RUDY,NONE,NONE,NONE
,,,,,,,,,,,,,,,,,,,,,,,,,,,,
,,,,,,,,,,,,,,,,,,,,,,,,,,,,
,,YOO JINHO,,,,,SKILL ENHANCEMENT,,,,,,,,,,,POTENTIALS,,,,,,,CORE ROLE,,,
,,,,,,,,,,,,,,,,,,-,,-,,-,,,,,,
,,,,,,,,,,,,,,,,,,,,,,,,,,,,
,,,,,,,BASIC ATK,,SKILL 1 / BTM SKILL,,SKILL 2 / TOP SKILL,,PASSIVE,,AWAKENED SKILL,,,,,,,,,,SILENCE IMMUNITY,,BARRIER,
,,,,,,,,,,,,,,,,,,,,,,,,,,,,
,,,,,,,GEAR BUILDS,,,,,,,,,,,,,,,,,,OTHER KEY USAGE,,,
,,,,,,,,,,,,,,,,,,,,,,,,,,,,
,,,,,,,TANK V1,,,,,,,,,TANK V2,,,,,,,,,PVE,,PVP,
,,,,,,,,,,,,,DEF (%),,,,,,,,,DEF (%),,,,,,
,,VIEW FULL SKILLSET,,,,,,,,,,,,,,,,,,,,,,,,,,
,,LAST UPDATED:,,,19/05/26,,,,,,,,Block Rate,,,,,,,,,Block Rate,,,,,,
,,HERO PROPERTIES,,,,,,,,,,,,,,,,,,,,,,,,,,
,,FALSE,TRUE,FALSE,FALSE,,,,,,,,HP (%),,,,,,,,,HP (%),,,,,,
,,NONE,EARLY,MIDGAME,END,,DEF (%),,Block Rate,,,,,,,DEF (%),,Block Rate,,,,,,,,,,
,,,,,,,-,,DMG Taken Reduction,,,,DEF,,,-,,DMG Taken Reduction,,,,DEF,,,,,,
,,EXCLUSIVE EQUIPMENT,,,,,,,,,,,,,,,,,,,,,,,,,,
,,,,,,,,,,,,,HP,,,,,,,,,HP,,,,,,
,,,,,,,,,,,,,,,,,,,,,,,,,,,,
,,,,,,,,,,,,,Speed,,,,,,,,,Speed,,,,,,
,,,,,,,,,,,,,,,,,,,,,,,,,,,,
,,,,,,,DEF (%),,Block Rate,,"Block Rate +30%
Block DMG Reduction +15%",,,,,DEF (%),,Block Rate,,"DEF +45%, 
Effect Resist Rate +20%",,,,,,,,
,,,,,,,-,,DMG Taken Reduction,,,,,,,-,,DMG Taken Reduction,,,,,,,"An Evan copy-&-paste but with Silence Immunity instead. Less usage as there arn't many enemies with Silence, and there are better Silence Immunity providers.",,,
,,,,,,,NOTES:,This build focuses on his self bulk where it boosts his survivability greatly. Will be recommended if your team doesn't have too much issue surviving.,,,,,,,,NOTES:,"Barrier scales off DEF so this build focuses on increasing the survivability of the entire team with his barrier. However, the barrier only last for 2 turns.",,,,,,,,,,,
,,,,,,,,,,,,,,,,,,,,,,,,,,,,
,,YOO JINHO-T0,,,,,GATEKEEP-PWEAPON,,GATEKEEP-ARMOR,,DOT,,BLOCK,,,GUARDIAN-PWEAPON,,GUARDIAN-ARMOR,,DOT,,BLOCK,,,CR-DELLONS,NONE,NONE,NONE
,,,,,,,,,,,DEF,,HP,,,,,,,DEF,,HP,,,NONE,NONE,NONE,NONE
,,,,,,,,,,,,,,,,,,,,,,,,,,,,
,,,,,,,,,,,,,,,,,,,,,,,,,,,,
,,LEO,,,,,SKILL ENHANCEMENT,,,,,,,,,,,POTENTIALS,,,,,,,CORE ROLE,,,
,,,,,,,,,,,,,,,,,,-,,-,,-,,,,,,
,,,,,,,,,,,,,,,,,,,,,,,,,,,,
,,,,,,,BASIC ATK,,SKILL 1 / BTM SKILL,,SKILL 2 / TOP SKILL,,PASSIVE,,AWAKENED SKILL,,,,,,,,,,DEATH IMMUNITY,,BLEED,
,,,,,,,,,,,,,,,,,,,,,,,,,,,,
,,,,,,,GEAR BUILDS,,,,,,,,,,,,,,,,,,OTHER KEY USAGE,,,
,,,,,,,,,,,,,,,,,,,,,,,,,,,,
,,,,,,,BLEED DAMAGE,,,,,,,,,DEFENSIVE UTILITY,,,,,,,,,PVE,,PVP,
,,,,,,,,,,,,,All ATK (%),,,,,,,,,DEF (%),,,,,,
,,VIEW FULL SKILLSET,,,,,,,,,,,,,,,,,,,,,,,,,,
,,LAST UPDATED:,,,19/05/26,,,,,,,,Effect Hit,,,,,,,,,Block Rate,,,,,,
,,HERO PROPERTIES,,,,,,,,,,,,,,,,,,,,,,,,,,
,,FALSE,TRUE,FALSE,FALSE,,,,,,,,All ATK,,,,,,,,,HP (%),,,,,,
,,NONE,EARLY,MIDGAME,END,,All ATK (%),,All ATK (%),,,,,,,HP (%),,Block Rate,,,,,,,,,,
,,,,,,,Weakness Hit,,DMG Taken Reduction,,,,Speed,,,DEF (%),,DMG Taken Reduction,,,,Effect Resistance,,,,,,
,,EXCLUSIVE EQUIPMENT,,,,,,,,,,,,,,,,,,,,,,,,,,
,,,,,,,,,,,,,DEF (%),,,,,,,,,HP,,,,,,
,,,,,,,,,,,,,,,,,,,,,,,,,,,,
,,,,,,,,,,,,,HP (%),,,,,,,,,Speed,,,,,,
,,,,,,,,,,,,,,,,,,,,,,,,,,,,
,,,,,,,All ATK (%),,All ATK (%),,"DMG Dealt +30%
Boss DMG +40%",,,,,HP (%),,Block Rate,,"Block Rate +30%
Block DMG Reduction +15%",,,,,,,,
,,,,,,,Weakness Hit,,DMG Taken Reduction,,,,,,,DEF (%),,DMG Taken Reduction,,,,,,,"One of the most useful non-humans before Xiao came into the picture, fully replacing it.",,,
,,,,,,,NOTES:,This build increases Bleed DMG dealt to the Bosses. Weakness Hit main stats for Castle Rush/multi-target battles.,,,,,,,,NOTES:,This build allows better surivavibility but just rememeber he also has an innate Revive.,,,,,,,,,,,
,,,,,,,,,,,,,,,,,,,,,,,,,,,,
,,LEO-T0,,,,,AVENGER-PWEAPON,,AVENGER-ARMOR,,GUTS,,NONE,,,GATEKEEP-MWEAPON,,GATEKEEP-ARMOR,,DOT,,BLOCK,,,PUDUNGEON-DARK,INFINITE TOWER,CR-KRIS,ADVENT-KYLE
,,,,,,,,,,,BLEED,,NONE,,,,,,,DEF,,HP,,,ADVENTURE BOTH,SUDDENRAID-LEONID,ADVENT-TEO,NONE
,,,,,,,,,,,,,,,,,,,,,,,,,,,,
,,,,,,,,,,,,,,,,,,,,,,,,,,,,
,,CLEO,,,,,SKILL ENHANCEMENT,,,,,,,,,,,POTENTIALS,,,,,,,CORE ROLE,,,
,,,,,,,,,,,,,,,,,,-,,-,,-,,,,,,
,,,,,,,,,,,,,,,,,,,,,,,,,,,,
,,,,,,,BASIC ATK,,SKILL 1 / BTM SKILL,,SKILL 2 / TOP SKILL,,PASSIVE,,AWAKENED SKILL,,,,,,,,,,SILENCE IMMUNITY,,POISON,
,,,,,,,,,,,,,,,,,,,,,,,,,,,,
,,,,,,,GEAR BUILDS,,,,,,,,,,,,,,,,,,OTHER KEY USAGE,,,
,,,,,,,,,,,,,,,,,,,,,,,,,,,,
,,,,,,,POISON DAMAGE,,,,,,,,,DEFENSIVE UTILITY,,,,,,,,,PVE,,PVP,
,,,,,,,,,,,,,All ATK (%),,,,,,,,,DEF (%),,,,,,
,,VIEW FULL SKILLSET,,,,,,,,,,,,,,,,,,,,,,,,,,
,,LAST UPDATED:,,,19/05/26,,,,,,,,Effect Hit,,,,,,,,,Block Rate,,,,,,
,,HERO PROPERTIES,,,,,,,,,,,,,,,,,,,,,,,,,,
,,FALSE,TRUE,FALSE,FALSE,,,,,,,,All ATK,,,,,,,,,HP (%),,,,,,
,,NONE,EARLY,MIDGAME,END,,All ATK (%),,All ATK (%),,,,,,,HP (%),,Block Rate,,,,,,,,,,
,,,,,,,-,,DMG Taken Reduction,,,,Speed,,,-,,DMG Taken Reduction,,,,Effect Resistance,,,,,,
,,EXCLUSIVE EQUIPMENT,,,,,,,,,,,,,,,,,,,,,,,,,,
,,,,,,,,,,,,,DEF (%),,,,,,,,,HP,,,,,,
,,,,,,,,,,,,,,,,,,,,,,,,,,,,
,,,,,,,,,,,,,HP (%),,,,,,,,,Speed,,,,,,
,,,,,,,,,,,,,,,,,,,,,,,,,,,,
,,,,,,,All ATK (%),,All ATK (%),,"DMG Dealt +30%
Boss DMG +40%",,,,,HP (%),,Block Rate,,"Block Rate +30%
Block DMG Reduction +15%",,,,,,,,
,,,,,,,-,,DMG Taken Reduction,,,,,,,-,,DMG Taken Reduction,,,,,,,"Pretty efficient Poison hero (at T2, both skills can inflict Poison) and yet another Silence Immunity provider. With 2 3-TARGET attacks,",,,
,,,,,,,NOTES:,This build increases Poison DMG dealt to the Bosses. Gatekeeper set is also possible for more bulk or just use DMG Taken Reduction.,,,,,,,,NOTES:,"If used for Silence Immunity, go for bulk and survivability instead to prolong her utility on the field.",,,,,,,,,,,
,,,,,,,,,,,,,,,,,,,,,,,,,,,,
,,CLEO-T0,,,,,AVENGER-PWEAPON,,AVENGER-ARMOR,,POISON,,NONE,,,GATEKEEP-MWEAPON,,GATEKEEP-ARMOR,,DOT,,BLOCK,,,PUDUNGEON-WATER,NONE,CR-DELLONS,NONE
,,,,,,,,,,,NONE,,NONE,,,,,,,DEF,,HP,,,NONE,NONE,NONE,NONE
,,,,,,,,,,,,,,,,,,,,,,,,,,,,
,,FODDER,,,,,,,,,,,,,,,,,,,,,,,,,,
,,,,,,,,,,,,,,,,,,,,,,,,,,,,
,,MAY,,,,,SKILL ENHANCEMENT,,,,,,,,,,,POTENTIALS,,,,,,,,,,
,,,,,,,,,,,,,,,,,,-,,-,,-,,,,,,
,,,,,,,,,,,,,,,,,,,,,,,,,,,,
,,,,,,,BASIC ATK,,SKILL 1 / BTM SKILL,,SKILL 2 / TOP SKILL,,PASSIVE,,AWAKENED SKILL,,,,,,,,,,,,,
,,,,,,,,,,,,,,,,,,,,,,,,,,,,
,,,,,,,GEAR BUILDS,,,,,,,,,,,,,,,,,,,,,
,,,,,,,,,,,,,,,,,,,,,,,,,,,,
,,,,,,,DOT DAMAGE,,,,,,,,,,,,,,,,,,,,,
,,,,,,,,,,,,,All ATK (%),,,,,,,,,,,,,,,
,,VIEW FULL SKILLSET,,,,,,,,,,,,,,,,,,,,,,,,,,
,,LAST UPDATED:,,,19/05/26,,,,,,,,Effect Hit,,,,,,,,,,,,,,,
,,HERO PROPERTIES,,,,,,,,,,,,,,,,,,,,,,,,,,
,,TRUE,FALSE,FALSE,FALSE,,,,,,,,All ATK,,,,,,,,,,,,,,,
,,NONE,EARLY,MIDGAME,END,,All ATK (%),,All ATK (%),,,,,,,,,,,,,,,,,,,
,,,,,,,-,,DMG Taken Reduction,,,,Speed,,,,,,,,,,,,,,,
,,EXCLUSIVE EQUIPMENT,,,,,,,,,,,,,,,,,,,,,,,,,,
,,,,,,,,,,,,,DEF (%),,,,,,,,,,,,,,,
,,,,,,,,,,,,,,,,,,,,,,,,,,,,
,,,,,,,,,,,,,HP (%),,,,,,,,,,,,,,,
,,,,,,,,,,,,,,,,,,,,,,,,,,,,
,,Has awakening,,,,,All ATK (%),,All ATK (%),,"DMG Dealt +30%
Boss DMG +40%",,,,,,,,,,,,,,,,,
,,,,,,,-,,DMG Taken Reduction,,,,,,,,,,,,,,,,,,,
,,,,,,,NOTES:,"Being a DOT hero, aim to boost any DOT damage with this build against bosses.",,,,,,,,,,,,,,,,,,,,
,,,,,,,,,,,,,,,,,,,,,,,,,,,,
,,MAY-T0,,,,,AVENGER-PWEAPON,,AVENGER-ARMOR,,POISON,,BLEED,,,,,,,,,,,,,,,
,,,,,,,,,,,BURN,,NONE,,,,,,,,,,,,,,,
,,,,,,,,,,,,,,,,,,,,,,,,,,,,
,,,,,,,,,,,,,,,,,,,,,,,,,,,,
,,SYLVIA,,,,,SKILL ENHANCEMENT,,,,,,,,,,,POTENTIALS,,,,,,,,,,
,,,,,,,,,,,,,,,,,,-,,-,,-,,,,,,
,,,,,,,,,,,,,,,,,,,,,,,,,,,,
,,,,,,,BASIC ATK,,SKILL 1 / BTM SKILL,,SKILL 2 / TOP SKILL,,PASSIVE,,AWAKENED SKILL,,,,,,,,,,,,,
,,,,,,,,,,,,,,,,,,,,,,,,,,,,
,,,,,,,GEAR BUILDS,,,,,,,,,,,,,,,,,,,,,
,,,,,,,,,,,,,,,,,,,,,,,,,,,,
,,,,,,,CRIT-WEAKNESS BASED,,,,,,,,,,,,,,,,,,,,,
,,,,,,,,,,,,,Speed,,,,,,,,,,,,,,,
,,VIEW FULL SKILLSET,,,,,,,,,,,,,,,,,,,,,,,,,,
,,LAST UPDATED:,,,19/05/26,,,,,,,,Crit Rate,,,,,,,,,,,,,,,
,,HERO PROPERTIES,,,,,,,,,,,,,,,,,,,,,,,,,,
,,TRUE,FALSE,FALSE,FALSE,,,,,,,,Weakness Hit,,,,,,,,,,,,,,,
,,NONE,EARLY,MIDGAME,END,,Crit Rate,,All ATK (%),,,,,,,,,,,,,,,,,,,
,,,,,,,Crit DMG,,-,,,,Crit DMG,,,,,,,,,,,,,,,
,,EXCLUSIVE EQUIPMENT,,,,,,,,,,,,,,,,,,,,,,,,,,
,,,,,,,,,,,,,All ATK (%),,,,,,,,,,,,,,,
,,,,,,,,,,,,,,,,,,,,,,,,,,,,
,,,,,,,,,,,,,All ATK,,,,,,,,,,,,,,,
,,,,,,,,,,,,,,,,,,,,,,,,,,,,
,,Has awakening,,,,,Crit Rate,,All ATK (%),,"Weakness Hit Chance +35%
Weakness Hit DMG +35%",,,,,,,,,,,,,,,,,
,,,,,,,Crit DMG,,-,,,,,,,,,,,,,,,,,,,
,,,,,,,NOTES:,Early-game Guild War DMG dealer so aim for a damage-oriented build (but is there really such thing as early game Guild War?),,,,,,,,,,,,,,,,,,,,
,,,,,,,,,,,,,,,,,,,,,,,,,,,,
,,SYLVIA-T0,,,,,BOUNTY-PWEAPON,,BOUNTY-ARMOR,,GUTS,,CC,,,,,,,,,,,,,,,
,,,,,,,,,,,REVIVE,,DMGCOMBI,,,,,,,,,,,,,,,
,,,,,,,,,,,,,,,,,,,,,,,,,,,,
,,,,,,,,,,,,,,,,,,,,,,,,,,,,
,,HOKIN,,,,,SKILL ENHANCEMENT,,,,,,,,,,,POTENTIALS,,,,,,,,,,
,,,,,,,,,,,,,,,,,,-,,-,,-,,,,,,
,,,,,,,,,,,,,,,,,,,,,,,,,,,,
,,,,,,,BASIC ATK,,SKILL 1 / BTM SKILL,,SKILL 2 / TOP SKILL,,PASSIVE,,AWAKENED SKILL,,,,,,,,,,,,,
,,,,,,,,,,,,,,,,,,,,,,,,,,,,
,,,,,,,GEAR BUILDS,,,,,,,,,,,,,,,,,,,,,
,,,,,,,,,,,,,,,,,,,,,,,,,,,,
,,,,,,,DAMAGE-FOCUSED,,,,,,,,,,,,,,,,,,,,,
,,,,,,,,,,,,,Crit Rate,,,,,,,,,,,,,,,
,,VIEW FULL SKILLSET,,,,,,,,,,,,,,,,,,,,,,,,,,
,,LAST UPDATED:,,,19/05/26,,,,,,,,Crit DMG,,,,,,,,,,,,,,,
,,HERO PROPERTIES,,,,,,,,,,,,,,,,,,,,,,,,,,
,,TRUE,FALSE,FALSE,FALSE,,,,,,,,Weakness Hit,,,,,,,,,,,,,,,
,,NONE,EARLY,MIDGAME,END,,Crit Rate,,All ATK (%),,,,,,,,,,,,,,,,,,,
,,,,,,,Crit DMG,,-,,,,Speed,,,,,,,,,,,,,,,
,,EXCLUSIVE EQUIPMENT,,,,,,,,,,,,,,,,,,,,,,,,,,
,,,,,,,,,,,,,All ATK (%),,,,,,,,,,,,,,,
,,,,,,,,,,,,,,,,,,,,,,,,,,,,
,,,,,,,,,,,,,All ATK,,,,,,,,,,,,,,,
,,,,,,,,,,,,,,,,,,,,,,,,,,,,
,,,,,,,Crit Rate,,All ATK (%),,"Weakness Hit Chance +35%
Weakness Hit DMG +35%",,,,,,,,,,,,,,,,,
,,,,,,,Crit DMG,,-,,,,,,,,,,,,,,,,,,,
,,,,,,,NOTES:,Offense build.,,,,,,,,,,,,,,,,,,,,
,,,,,,,,,,,,,,,,,,,,,,,,,,,,
,,HOKIN-T0,,,,,BOUNTY-PWEAPON,,BOUNTY-ARMOR,,IMMORTAL,,BARRIERATK,,,,,,,,,,,,,,,
,,,,,,,,,,,GUTS,,CC,,,,,,,,,,,,,,,
,,,,,,,,,,,,,,,,,,,,,,,,,,,,
,,,,,,,,,,,,,,,,,,,,,,,,,,,,
,,RAHKUN,,,,,SKILL ENHANCEMENT,,,,,,,,,,,POTENTIALS,,,,,,,,,,
,,,,,,,,,,,,,,,,,,-,,-,,-,,,,,,
,,,,,,,,,,,,,,,,,,,,,,,,,,,,
,,,,,,,BASIC ATK,,SKILL 1 / BTM SKILL,,SKILL 2 / TOP SKILL,,PASSIVE,,AWAKENED SKILL,,,,,,,,,,,,,
,,,,,,,,,,,,,,,,,,,,,,,,,,,,
,,,,,,,GEAR BUILDS,,,,,,,,,,,,,,,,,,,,,
,,,,,,,,,,,,,,,,,,,,,,,,,,,,
,,,,,,,DEFENSE-FOCUSED,,,,,,,,,,,,,,,,,,,,,
,,,,,,,,,,,,,DEF (%),,,,,,,,,,,,,,,
,,VIEW FULL SKILLSET,,,,,,,,,,,,,,,,,,,,,,,,,,
,,LAST UPDATED:,,,19/05/26,,,,,,,,Block Rate,,,,,,,,,,,,,,,
,,HERO PROPERTIES,,,,,,,,,,,,,,,,,,,,,,,,,,
,,TRUE,FALSE,FALSE,FALSE,,,,,,,,Effect Resistance,,,,,,,,,,,,,,,
,,NONE,EARLY,MIDGAME,END,,DEF (%),,DMG Taken Reduction,,,,,,,,,,,,,,,,,,,
,,,,,,,HP (%),,Block Rate,,,,HP (%),,,,,,,,,,,,,,,
,,EXCLUSIVE EQUIPMENT,,,,,,,,,,,,,,,,,,,,,,,,,,
,,,,,,,,,,,,,HP,,,,,,,,,,,,,,,
,,,,,,,,,,,,,,,,,,,,,,,,,,,,
,,,,,,,,,,,,,DEF,,,,,,,,,,,,,,,
,,,,,,,,,,,,,,,,,,,,,,,,,,,,
,,,,,,,DEF (%),,Block Rate,,"Block Rate +30%
Block DMG Reduction +15%",,,,,,,,,,,,,,,,,
,,,,,,,HP (%),,DMG Taken Reduction,,,,,,,,,,,,,,,,,,,
,,,,,,,NOTES:,Defense build. S2 grants Block Rate Boost (45%).,,,,,,,,,,,,,,,,,,,,
,,,,,,,,,,,,,,,,,,,,,,,,,,,,
,,RAHKUN-T0,,,,,GATEKEEP-MWEAPON,,GATEKEEP-ARMOR,,REVIVE,,BLOCK,,,,,,,,,,,,,,,
,,,,,,,,,,,DEF,,HP,,,,,,,,,,,,,,,
,,,,,,,,,,,,,,,,,,,,,,,,,,,,
,,,,,,,,,,,,,,,,,,,,,,,,,,,,
,,BANE,,,,,SKILL ENHANCEMENT,,,,,,,,,,,POTENTIALS,,,,,,,,,,
,,,,,,,,,,,,,,,,,,-,,-,,-,,,,,,
,,,,,,,,,,,,,,,,,,,,,,,,,,,,
,,,,,,,BASIC ATK,,SKILL 1 / BTM SKILL,,SKILL 2 / TOP SKILL,,PASSIVE,,AWAKENED SKILL,,,,,,,,,,,,,
,,,,,,,,,,,,,,,,,,,,,,,,,,,,
,,,,,,,GEAR BUILDS,,,,,,,,,,,,,,,,,,,,,
,,,,,,,,,,,,,,,,,,,,,,,,,,,,
,,,,,,,CC-FOCUSED,,,,,,,,,,,,,,,,,,,,,
,,,,,,,,,,,,,Speed,,,,,,,,,,,,,,,
,,VIEW FULL SKILLSET,,,,,,,,,,,,,,,,,,,,,,,,,,
,,LAST UPDATED:,,,19/05/26,,,,,,,,Crit Rate,,,,,,,,,,,,,,,
,,HERO PROPERTIES,,,,,,,,,,,,,,,,,,,,,,,,,,
,,TRUE,FALSE,FALSE,FALSE,,,,,,,,Crit DMG,,,,,,,,,,,,,,,
,,NONE,EARLY,MIDGAME,END,,Effect Hit,,All ATK (%),,,,,,,,,,,,,,,,,,,
,,,,,,,Crit Rate,,DMG Taken Reduction,,,,Weakness Hit,,,,,,,,,,,,,,,
,,EXCLUSIVE EQUIPMENT,,,,,,,,,,,,,,,,,,,,,,,,,,
,,,,,,,,,,,,,All ATK (%),,,,,,,,,,,,,,,
,,,,,,,,,,,,,,,,,,,,,,,,,,,,
,,,,,,,,,,,,,All ATK,,,,,,,,,,,,,,,
,,,,,,,,,,,,,,,,,,,,,,,,,,,,
,,,,,,,Effect Hit,,All ATK (%),,"Effect Hit Rate +35%
Effect Probability +10%",,,,,,,,,,,,,,,,,
,,,,,,,Crit DMG,,DMG Taken Reduction,,,,,,,,,,,,,,,,,,,
,,,,,,,NOTES:,CC build. Has passive Effect Hit Rate boost (40%).,,,,,,,,,,,,,,,,,,,,
,,,,,,,,,,,,,,,,,,,,,,,,,,,,
,,BANE-T0,,,,,SPELLWEAVE-MWEAPON,,SPELLWEAVE-ARMOR,,GUTS,,CRIT,,,,,,,,,,,,,,,
,,,,,,,,,,,REVIVE,,WEAKNESS,,,,,,,,,,,,,,,