,,,,,,,,,,,,,,,,,,,,,,,,,,,,,,,,,,
,,TOWER OF TRIALS 시련의탑 (Season 11),,,,,,,,,,,,,,,,,,,,,,,,,,,,,,,,NOTES
,,Red Cells - Backline / Blue Cells - Frontline,,,,,,,,,,,,,,,,,,,,,,,,,,,,,,,,
,ODD-NUMBERED FLOORS (RETIRED),Recommended Teams for 6 MEDALS (not limited to these):,,,,,,,,,,,,,,,Effect Descriptions:,,,,,,,,,,,,,,,,,
,,"PHYSICAL
TEAM",,,,,,,,,,,,,,,,,"[Enemies] Inflicts DEF Reduction (always active)
Decreases DEF by 54%

[Enemies] Weakens enemies",,,,,,,"[Allies] Inflicts Paralysis for 2 turns

[Enemies] Strengthen enemies",,,,,,,,
,,,,,,,,,,,,,,,,,,,,,,,,,,,,,,,,,,
,,,,,,,,,,,,,,,,,,,,,,,,,,"[Enemies] Grants Death/HP Alteraton/Cooldown Increase Immunity. (always active)

[Enemies] Strengthen enemies",,,,,,,,
,,,,,,ELYSIA-T0,,KAGURA-T0,,BRANZE&BRANSEL-T0,,LU BU-T0,,KYLE-T0,,,,,,,,,,,,,,,,,,,,
,,"MAGIC
TEAM",,,,,,,,,,,,,,,,,"[Allies] Grants ATK Boost (always active)
Increases All ATK by 38%

[Enemies] Weakens enemies",,,,,,,,,,,,,,,
,,,,,,,,,,,,,,,,,,,,,,,,,,"[Enemies] Grants All DMG Nullification (3 hits)
Nullifies all DMG for a set amount of hits.
[Enemies] Strengthen enemies",,,,,,,,
,,,,,,,,,,,,,,,,,,,,,,,,,,,,,,,,,,
,,,,,,ELYSIA-T0,,MERCURE-T0,,JURI-T0,,FREYJA-T0,,SUNWUKONG-T0,,,,,,,,,,,,,,,,,,,,
,,,,,,,,,,,,,,,,,,,,,,,,,,,,,,,,,,
,,,FLOOR 1,,,,,,,,,,,,,,FLOOR 11,,,,,,,,,,,,,,,,,"Personal Recommendation for GENERAL Floor 19 (outdated from earlier seasons):

Kyle - Dellons, Kagura, Elysia, Juri
Use Elysia's Silence to aim to Silence all enemies. Then Kyle's Top Skill > Juri's Souldeath > Kyle's Btm Skill. Killing Fai is a HUGE DEAL.


Against PAIN TOLERANCE Floor 19:

WK Yeon - Melia Mercure Elysia
Use Elysia's Silence to start; then start Mercure's Magic Reflux asap. Beware of Rudy's link cleansing it
"
,,,,,,RUDY-T2,,ARAGON-T2,,YUI-T2,,LINA-T2,,ALICE-T2,,,,,,,LINA-T6,,JIN-T6,,YU SHIN-T6,,PASCAL-T6,,BIDAM-T6,,,,,
,,,FLOOR 3,,,,,,,,,,,,,,FLOOR 13,,,,,,,,,,,,,,,,,
,,,,,,BALLISTA-T2,,VANESSA-T2,,NIA-T2,,YU SHIN-T2,,DELLONS-T2,,,,,,,JAVE-T6,,LINA-T6,,SPIKE-T6,,FAI-T6,,JURI-T6,,,,,
,,,FLOOR 5,,,,,,,,,,,,,,FLOOR 15,,,,,,,,,,,,,,,,,
,,,,,,YU SHIN-T2,,SPIKE-T2,,JAVE-T2,,KRIS-T2,,EILEENE-T2,,,,,,,RUDY-T6,,ALICE-T6,,KRIS-T6,,ROSIE-T6,,JURI-T6,,,,,
,,,FLOOR 7,,,,,,,,,,,,,,FLOOR 17,,,,,,,,,,,,,,,,,
,,,,,,LEO-T2,,RAHKUN-T2,,BANE-T2,,KNOX-T2,,CLEO-T2,,,,,,,LINA-T6,,DELLONS-T6,,EILEENE-T6,,ROSIE-T6,,FAI-T6,,,,,
,,,FLOOR 9,,,,,,,,,,,,,,FLOOR 19,,,,,,,,,,,,,,,,,
,,,,,,YU SHIN-T2,,SYLVIA-T2,,SILVESTA-T2,,JURI-T2,,VANESSA-T2,,,,,,,RUDY-T6,,ALICE-T6,,ROSIE-T6,,FAI-T6,,JURI-T6,,,,,
,,,,,,,,,,,,,,,,,,,,,,,,,,,,,,,,,,
,,,,,,,,,,,,,,,,,,,,,,,,,,,,,,,,,,
,,,,,,,,,,,,,,,,,,,,,,,,,,,,,,,,,,
,,CURRENT BOSSES (Season 11),,,,,,,,,,,,,,,,,,,,,,,,,,,,,,,,
,,,,,,,,,,,,,,,,,,,,,,,,,,,,,,,,,,
,1,,,JAVE,,,,,,,,,,,,,Effect Descriptions:,,,,,,,,,,,,,,,,,
,,,,,,,,,,,,,,,,,,,"[Allies] Grants Burn Immunity (always active)

[Enemies] Weakens enemies",,,,,,,"[Enemies] Inflicts Souldeath (5 turns)
Prevents Revive/Immortality/Indomitable from activating

[Enemies] Strengthen enemies",,,,,,,,"- Inflicts Dragonflame on counterattack 
- Decreases All ATK, DMG and DEF of front-row enemies"
,,,,,,,,,,,,,,,,,,,,,,,,,,,,,,,,,,
,,,,,,,,,,,,,,,,,,,,,,,,,,"[Enemies] Using a basic ATK has a 70% chance to decrease Buff Duration

[Enemies] Strengthen enemies",,,,,,,,
,,,,ELYSIA-T0,,YUI-T0,,JAVE-T0,,KAGURA-T0,,KYLE-T0,,,,,,,,,,,,,,,,,,,,,,
,,,,,,,,,,,,,,,,,,,"[Allies] Grants Stun Immunity (always active)

[Enemies] Weakens enemies",,,,,,,,,,,,,,,
,,,,,,,,,,,,,,,,,,,,,,,,,,"[Enemies] Inflicts Incoming Healing Reduction (always active)
Decreases Incoming Healing by 60% 

[Enemies] Strengthen enemies",,,,,,,,
,CURRENT FLOOR: ,,,,,,,,,,,,,,,,,,,,,,,,,,,,,,,,,
,,,,SARAH-T0,,MERCURE-T0,,JURI-T0,,YEONHEE-T0,,KYLE-T0,,,,,,,,,,,,,,,,,,,,,,
,,,,,,,,,,,,,,,,,,,,,,,,,,,,,,,,,,
,,,,,,,,,,,,,,,,,,,,,,,,,,,,,,,,,,"Kill fast with XQ and Pascal. Bring Yui for immunity, or Lina for sustain if needed"
,,,,EVAN-T0,,BISCUIT-T0,,LINA-T0,,XIAO QIAO-T0,,PASCAL-T0,,,,,,EVAN-T0,,BISCUIT-T0,,LINA-T0,,YUI-T0,,PASCAL-T0,,,,,,,,
,,,,,,,,,,,,,,,,,,,,,,,,,,,,,,,,,,
,,,,EVAN-T0,,BISCUIT-T0,,YUI-T0,,XIAO QIAO-T0,,PASCAL-T0,,,,,,EVAN-T0,,BISCUIT-T0,,YUI-T0,,XIAO QIAO-T0,,PASCAL-T0,,,,,,,,
,,,,,,,,,,,,,,,,,,,,,,,,,,,,,,,,,,
,,,,EVAN-T0,,BISCUIT-T0,,YUI-T0,,XIAO QIAO-T0,,PASCAL-T0,,,,,,EVAN-T0,,BISCUIT-T0,,MELIA-T0,,XIAO QIAO-T0,,PASCAL-T0,,,,,,,,
,,,,,,,,,,,,,,,,,,,,,,,,,,,,,,,,,,
,2,,,ROOK,,,,,,,,,,,,,Effect Descriptions:,,,,,,,,,,,,,,,,,
,,,,,,,,,,,,,,,,,,,"[Allies] Using a basic ATK has a 50% chance to inflict Poison for 2 turns

[Enemies] Weakens monsters",,,,,,,"[Enemies] Grants Single&Quintuple-Target ATK Resistance
Decreases DMG taken from Single&Quintuple-Target attacks by 90%
[Enemies] Strengthen monsters",,,,,,,,"- Skill 1 (ST) deals an insane amount of PDMG
- Has 100% Block Rate
- Resets Skill Cooldown when enemy falls in battle"
,,,,,,,,,,,,,,,,,,,,,,,,,,,,,,,,,,
,,,,,,,,,,,,,,,,,,,,,,,,,,"[Rook] Skill 2 Barrier duration increases to 6 turns

[Enemies] Strengthen monsters",,,,,,,,
,,,,,,,,ROOK-T0,,,,,,,,,,,,,,,,,,,,,,,,,,
,,,,,,,,,,,,,,,,,,,"[Allies] Boosts Poison DMG
Increases Poison DMG by 100%

[Enemies] Weakens monsters",,,,,,,,,,,,,,,
,,,,,,,,,,,,,,,,,,,,,,,,,,"[Rook] Skill 1 cooldown decreases to 60s

[Enemies] Strengthen monsters",,,,,,,,
,CURRENT FLOOR: ,,,,,,,,,,,,,,,,,,,,,,,,,,,,,,,,,
,,,,,,,,,,,,,,,,,,,,,,,,,,,,,,,,,,
,,,,,,,,,,,,,,,,,,,,,,,,,,,,,,,,,,
,,,,,,,,,,,,,,,,,,,,,,,,,,,,,,,,,,"Rook's ST skill is a guaranteed oneshot and if he kills a unit, it is immediately usable again.

If you can outspeed Rook's 150 speed, Li/Ryan can [Taunt] first. Otherwise, bring a unit that has innate [Guts] (like Ace) or use [Guts] accessory, reset until said unit tanks Rook's first ST skill. "
,,,,CHLOE-T0,,MAY-T0,,LI-T0,,EVAN-T0,,JANE-T0,,,,,,BISCUIT-T0,,VELIKA-T0,,XIAO QIAO-T0,,DAISY-T0,,BAI JIAO-T0,,,,,,,,
,,,,,,,,,,,,,,,,,,,,,,,,,,,,,,,,,,
,,,,BISCUIT-T0,,EVAN-T0,,XIAO QIAO-T0,,DAISY-T0,,PASCAL-T0,,,,,,BISCUIT-T0,,RYAN-T0,,XIAO QIAO-T0,,DAISY-T0,,PASCAL-T0,,,,,,,,
,,,,,,,,,,,,,,,,,,,,,,,,,,,,,,,,,,
,,,,BISCUIT-T0,,EVAN-T0,,XIAO QIAO-T0,,DAISY-T0,,PASCAL-T0,,,,,,BISCUIT-T0,,MELIA-T0,,XIAO QIAO-T0,,DAISY-T0,,BAI JIAO-T0,,,,,,,,
,,,,,,,,,,,,,,,,,,,,,,,,,,,,,,,,,,
,3,,,SERA,,,,,,,,,,,,,Effect Descriptions:,,,,,,,,,,,,,,,,,
,,,,,,,,,,,,,,,,,,,"[Allies] Grants MAX HP Boost (always active)
Increases MAX HP by 100%

[Enemies] Weakens monsters",,,,,,,"[Enemies] Using a basic ATK inflicts Unable to Recover

[Enemies] Strengthen monsters",,,,,,,,"- Decreases skill cooldown when enemy falls in battle
- Grants DMG Nullification for 30 hits
- All attacks deal Fixed DMG"
,,,,,,,,,,,,,,,,,,,,,,,,,,,,,,,,,,
,,,,,,,,,,,,,,,,,,,,,,,,,,"[Sera] Skill 2 Fixed DMG increases to 6000

[Enemies] Strengthen monsters",,,,,,,,
,,,,,,,,SERA-T0,,,,,,,,,,,,,,,,,,,,,,,,,,
,,,,,,,,,,,,,,,,,,,"[Allies] Grants Guts (always active)
Survives with 1 HP upon taking lethal damage for the first time

[Enemies] Weakens monsters",,,,,,,,,,,,,,,
,,,,,,,,,,,,,,,,,,,,,,,,,,"[Enemies] Grants MDMG Nullification (always active)

[Enemies] Strengthen monsters",,,,,,,,
,CURRENT FLOOR: ,,,,,,,,,,,,,,,,,,,,,,,,,,,,,,,,,
,,,,,,,,,,,,,,,,,,,,,,,,,,,,,,,,,,
,,,,,,,,,,,,,,,,,,,,,,,,,,,,,,,,,,
,,,,,,,,,,,,,,,,,,,,,,,,,,,,,,,,,,"Any form of sustain, [Heals] or [Barrier] helps with tanking Sera's Fixed DMG. 

One-off [Heals] sustain better because Sera can reduce buff duration (i.e. Continuous Healing or Barrier). [Barrier] helps against the [Unable to Recover] debuff.

Wither down Sera's DMG Nullification before going all in with your DPS. Meeanwhile, keeping healing and casting barriers to absorb the Fixed DMG and revive when necessary. "
,,,,EVAN-T0,,ASURA-T0,,KARON-T0,,YUI-T0,,SHANE-T0,,,,,,BISCUIT-T0,,BAI JIAO-T0,,LINA-T0,,SUNWUKONG-T0,,SHANE-T0,,,,,,,,
,,,,,,,,,,,,,,,,,,,,,,,,,,,,,,,,,,
,,,,EVAN-T0,,YUI-T0,,BISCUIT-T0,,LINA-T0,,PASCAL-T0,,,,,,BISCUIT-T0,,BAI JIAO-T0,,LINA-T0,,SUNWUKONG-T0,,PASCAL-T0,,,,,,,,
,,,,,,,,,,,,,,,,,,,,,,,,,,,,,,,,,,
,,,,EVAN-T0,,RACHEL-T0,,BISCUIT-T0,,LINA-T0,,SHANE-T0,,,,,,BISCUIT-T0,,BAI JIAO-T0,,LINA-T0,,SUNWUKONG-T0,,SHANE-T0,,,,,,,,
,,,,,,,,,,,,,,,,,,,,,,,,,,,,,,,,,,
,4,,,ROSIE,,,,,,,,,,,,,Effect Descriptions:,,,,,,,,,,,,,,,,,
,,,,,,,,,,,,,,,,,,,"[Allies] Grants Death Immunity (always active)

[Enemies] Weakens enemies",,,,,,,"[Enemies] Grants Debuff Immunity (always active)

[Enemies] Strengthen enemies",,,,,,,,"- Revives all allies and gains DMG Boost per ally revived (max 20 Stacks)
- Decreases skill cooldown by 30s when ally dies
- Able to inflict Death and Effect Resist Reduction"
,,,,,,,,,,,,,,,,,,,,,,,,,,,,,,,,,,
,,,,,,,,,,,,,,,,,,,,,,,,,,"[Enemies] Grants 1 stack of DMG Resistance upon an ally's revival (Max 20 Stacks)
Decreases DMG taken by 4% per stack
[Enemies] Strengthens enemies",,,,,,,,
,,,,,,,,ROSIE-T0,,,,,,,,,,,,,,,,,,,,,,,,,,
,,,,,,,,,,,,,,,,,,,"[Allies] Grants Crit DMG Boost (always active)
Increases Crit DMG by 67%

[Enemies] Weakens enemies",,,,,,,,,,,,,,,
,,,,,,,,,,,,,,,,,,,,,,,,,,"[Rosie] Skill 1 grants All DMG Immunity for 2 turns

[Enemies] Strengthen enemies",,,,,,,,
,CURRENT FLOOR: ,,,,,,,,,,,,,,,,,,,,,,,,,,,,,,,,,
,,,,,,,,,,,,,,,,,,,,,,,,,,,,,,,,,,
,,,,,,,,,,,,,,,,,,,,,,,,,,,,,,,,,,
,,,,,,,,,,,,,,,,,,,,,,,,,,,,,,,,,,"Leo's Speed has to be 1st/2nd/3rd in the team so as to land the Death Immunity again as Rosie will remove it with her first skill.

Rosie gains DMG boost and Skill Cooldown reduction whenever her minions die. Wait for her DMG Immunity to wear off and use Asura to apply [Focus Target] on her. Keep [Focus Target] up all the time and sustain your team with Asura's [Barrier] and Lina's heals.

Some people play Juri to inflict on [Souldeath] Rosie's minions thereby preventing their revival."
,,,,LEO-T0,,LINA-T0,,BISCUIT-T0,,TEO-T0,,KYLE-T0,,,,,,BISCUIT-T0,,LINA-T0,,YEONHEE-T0,,DAISY-T0,,ESPADA-T0,,,,,,,,
,,,,,,,,,,,,,,,,,,,,,,,,,,,,,,,,,,
,,,,XIAO-T0,,LINA-T0,,YEONHEE-T0,,SUNWUKONG-T0,,PASCAL-T0,,,,,,BISCUIT-T0,,MELIA-T0,,ELYSIA-T0,,DAISY-T0,,PASCAL-T0,,,,,,,,
,,,,,,,,,,,,,,,,,,,,,,,,,,,,,,,,,,
,,,,BISCUIT-T0,,LINA-T0,,YEONHEE-T0,,SUNWUKONG-T0,,ESPADA-T0,,,,,,BISCUIT-T0,,VELIKA-T0,,ELYSIA-T0,,DAISY-T0,,ESPADA-T0,,,,,,,,
,,,,,,,,,,,,,,,,,,,,,,,,,,,,,,,,,,
,5,,,SILVESTA,,,,,,,,,,,,,Effect Descriptions:,,,,,,,,,,,,,,,,,
,,,,,,,,,,,,,,,,,,,"[Allies] Using a basic attack inflicts Buff Duration Reduction by 1 turn

[Enemies] Weakens enemies",,,,,,,"[Enemies] Grants All ATK Boost (always active)
Increases All ATK by 15%

[Enemies] Strengthen enemies",,,,,,,,"- Grants Blessing: Caps DMG taken per hit to 5% of MAX HP
- Grants Guts and heals HP by 100% upon triggering Guts
- Grants Skill Cooldown reset & All DMG Immunity for 3 turns when HP falls to 75%, 50%, 25%
- Deals more DMG when All DMG Immunity is active
- Both skills heal HP by 100% of DMG dealt"
,,,,,,,,,,,,,,,,,,,,,,,,,,,,,,,,,,
,,,,,,,,,,,,,,,,,,,,,,,,,,"[Enemies] Grants Life Drain (always active)
Recovers HP equal to 100% of DMG

[Enemies] Strengthen enemies",,,,,,,,
,,,,,,,,SILVESTA-T0,,,,,,,,,,,,,,,,,,,,,,,,,,
,,,,,,,,,,,,,,,,,,,"[Enemies] Inflicts Incoming Healing Reduction (always active)
Decreases Incoming Healing by 56%

[Enemies] Weakens enemies",,,,,,,,,,,,,,,
,,,,,,,,,,,,,,,,,,,,,,,,,,"[Allies] Inflicts Effect Hit Reduction (always active)
Decrease Effect Hit DMG by 22% 

[Enemies] Strengthen enemies",,,,,,,,
,CURRENT FLOOR: ,,,,,,,,,,,,,,,,,,,,,,,,,,,,,,,,,
,,,,,,,,,,,,,,,,,,,,,,,,,,,,,,,,,,
,,,,,,,,,,,,,,,,,,,,,,,,,,,,,,,,,,
,,,,,,,,,,,,,,,,,,,,,,,,,,,,,,,,,,"[Unable to Recover] skill is essential to prevent Silvesta's [Guts] from healing him full. Otherwise, you essentially need enough DPS to clear 2 health bars within 200 turns. Time the skill well; Silvesta has a skill that cleanses himself so if you use it right before that, he will cleanse it. It also helps prevent Silvesta from healing too much during the battle.

[Barrier] can be helpful. Silvesta does not heal when his attacks damage [Barrier]; good to use before his skills.

[Buff Duration Reduction] to cut the fight shorter by removing his DMG Immunity phase. Rudy instantly removes 3 turns."
,,,,ACE-T0,,CHLOE-T0,,LINA-T0,,RACHEL-T0,,SHANE-T0,,,,,,BAI JIAO-T0,,RUDY-T0,,LINA-T0,,ACE-T0,,SHANE-T0,,,,,,,,
,,,,,,,,,,,,,,,,,,,,,,,,,,,,,,,,,,
,,,,BISCUIT-T0,,CHLOE-T0,,LINA-T0,,EVAN-T0,,KYLE-T0,,,,,,CHLOE-T0,,RUDY-T0,,ELYSIA-T0,,SUNWUKONG-T0,,SHANE-T0,,,,,,,,
,,,,,,,,,,,,,,,,,,,,,,,,,,,,,,,,,,
,,,,CHLOE-T0,,LINA-T0,,KYLE-T0,,LU BU-T0,,SHANE-T0,,,,,,BAI JIAO-T0,,RUDY-T0,,ELYSIA-T0,,SUNWUKONG-T0,,SHANE-T0,,,,,,,,
,,,,,,,,,,,,,,,,,,,,,,,,,,,,,,,,,,
,6,,,"FAI, JAVE, VELIKA",,,,,,,,,,,,,Effect Descriptions:,,,,,,,,,,,,,,,,,
,,,,,,,,,,,,,,,,,,,"[Allies] Grants Burn Immunity (always active)

[Enemies] Weakens monsters",,,,,,,"[Allies] Inflicts Burn Immunity Ban (always active)

[Enemies] Strengthen monsters",,,,,,,,"- Fai grants all allies Death and HP Alteration Immunity
- Fai grants Barrier to self upon revival"
,,,,,,,,,,,,,,,,,,,,,,,,,,,,,,,,,,
,,,,,,,,,,,,,,,,,,,,,,,,,,"[Enemies] Using a basic ATK has a 70% chance to decrease Buff Duration

[Enemies] Strengthen monsters",,,,,,,,
,,,,,,JAVE-T0,,FAI-T0,,VELIKA-T0,,,,,,,,,,,,,,,,,,,,,,,,
,,,,,,,,,,,,,,,,,,,"[Allies] Grants DMG Boost
Increases DMG by 25%

[Enemies] Weakens monsters",,,,,,,,,,,,,,,
,,,,,,,,,,,,,,,,,,,,,,,,,,"[Enemies] Grants Effect Resist Boost (always active)
Increases Effect Resistance by 25% 

[Enemies] Strengthen monsters",,,,,,,,
,CURRENT FLOOR: ,,,,,,,,,,,,,,,,,,,,,,,,,,,,,,,,,
,,,,,,,,,,,,,,,,,,,,,,,,,,,,,,,,,,
,,,,,,,,,,,,,,,,,,,,,,,,,,,,,,,,,,
,,,,,,,,,,,,,,,,,,,,,,,,,,,,,,,,,,"Alot of [Burn] in this stage. Bring enough heals to sustain. 

Evan's [Stun] can also put one unit offline to reduce the enemy's damage output for several turns.

Even with Burn Immunity Ban, double healers can still be necessary especially after strengthening of enemies. In general with sufficient bulk, they do not do too much damage."
,,,,BISCUIT-T0,,EVAN-T0,,KARON-T0,,XIAO QIAO-T0,,PASCAL-T0,,,,,,BISCUIT-T0,,YUI-T0,,LINA-T0,,SUNWUKONG-T0,,PASCAL-T0,,,,,,,,
,,,,,,,,,,,,,,,,,,,,,,,,,,,,,,,,,,
,,,,BISCUIT-T0,,LINA-T0,,SHANE-T0,,KYLE-T0,,LU BU-T0,,,,,,BISCUIT-T0,,DAISY-T0,,LINA-T0,,SUNWUKONG-T0,,PASCAL-T0,,,,,,,,
,,,,,,,,,,,,,,,,,,,,,,,,,,,,,,,,,,
,,,,BISCUIT-T0,,ELYSIA-T0,,LINA-T0,,RYAN-T0,,PASCAL-T0,,,,,,BISCUIT-T0,,VELIKA-T0,,LINA-T0,,RYAN-T0,,PASCAL-T0,,,,,,,,
,,,,,,,,,,,,,,,,,,,,,,,,,,,,,,,,,,
,7,,,CHANCELLOR,,,,,,,,,,,,,Effect Descriptions:,,,,,,,,,,,,,,,,,
,,,,,,,,,,,,,,,,,,,"[Allies] Grants Guts (always active)
Survives with 1 HP upon taking lethal damage for the first time

[Enemies] Weakens monsters",,,,,,,"[Enemies] Inflicts Souldeath for 5 turns 
Souldeath prevents Revive and Immortality from activating

[Enemies] Strengthen monsters",,,,,,,,"- Inflicts DEF Reduction of 15% on caster upon revival of ally (max 4 Stacks)
- When an ally falls in battle, deals 3000 fixed DMG
- Minions can revive once per battle
- Grants [Unbreakable Will] upon revival and can consume it to deal extra DMG"
,,,,,,,,,,,,,,,,,,,,,,,,,,,,,,,,,,
,,,,,,,,,,,,,,,,,,,,,,,,,,"[Enemies] Grants DEF Boost (always active)
Increases DEF by 54%

[Enemies] Strengthen monsters",,,,,,,,
,,,,,,,,CHANCELLOR-T0,,,,,,,,,,,,,,,,,,,,,,,,,,
,,,,,,,,,,,,,,,,,,,"[Allies] Grants MAX HP Boost
Increases MAX HP by 100%

[Enemies] Weakens monsters",,,,,,,,,,,,,,,
,,,,,,,,,,,,,,,,,,,,,,,,,,"[Enemies] Inflicts Incoming Healing Reduction (always active)
Decreases Incoming Healing by 56% 

[Enemies] Strengthen monsters",,,,,,,,
,CURRENT FLOOR: ,,,,,,,,,,,,,,,,,,,,,,,,,,,,,,,,,
,,,,,,,,,,,,,,,,,,,,,,,,,,,,,,,,,,
,,,,,,,,,,,,,,,,,,,,,,,,,,,,,,,,,,
,,,,,,,,,,,,,,,,,,,,,,,,,,,,,,,,,,"The idea here is essentially to kill 1 minion at a time and heal up so as to not get wrecked by the 3000 Fixed DMG. Meanwhile, Li will tank with this PDMG immunity as you heal up over and over and eventually clear the boss."
,,,,LI-T0,,EVAN-T0,,YUI-T0,,LINA-T0,,PASCAL-T0,,,,,,LINA-T0,,ALICE-T0,,JURI-T0,,SHANE-T0,,SUNWUKONG-T0,,,,,,,,
,,,,,,,,,,,,,,,,,,,,,,,,,,,,,,,,,,
,,,,ALICE-T0,,LINA-T0,,FREYJA-T0,,TRUDE-T0,,KYLE-T0,,,,,,LINA-T0,,EVAN-T0,,BISCUIT-T0,,ALICE-T0,,SUNWUKONG-T0,,,,,,,,
,,,,,,,,,,,,,,,,,,,,,,,,,,,,,,,,,,
,,,,LINA-T0,,BRANZE&BRANSEL-T0,,ELYSIA-T0,,KYLE-T0,,LU BU-T0,,,,,,LINA-T0,,BRANZE&BRANSEL-T0,,ELYSIA-T0,,SHANE-T0,,LU BU-T0,,,,,,,,
,,,,,,,,,,,,,,,,,,,,,,,,,,,,,,,,,,
,8,,,RAHKUN,,,,,,,,,,,,,Effect Descriptions:,,,,,,,,,,,,,,,,,
,,,,,,,,,,,,,,,,,,,"[Allies] Grants DMG Boost (always active)
Increases DMG by 28%

[Enemies] Weakens monsters",,,,,,,"[Enemies] Grants Life Drain. (always active)
Recovers HP equal to 100% of damage

[Enemies] Strengthen monsters",,,,,,,,"- Grants Front Row allies PDMG Resistance of 99%
- Skills allow changing between PDMG and MDMG Resistance of Front Row allies
- Taunts"
,,,,,,,,,,,,,,,,,,,,,,,,,,,,,,,,,,
,,,,,,,,,,,,,,,,,,,,,,,,,,"[Enemies] Grants Debuff Immunity (always active)

[Enemies] Strengthen monsters",,,,,,,,
,,,,,,,,RAHKUN-T0,,,,,,,,,,,,,,,,,,,,,,,,,,
,,,,,,,,,,,,,,,,,,,"[Enemies] Inflicts Increased DMG Taken (always active)
Increase DMG taken by 28%

[Enemies] Weakens monsters",,,,,,,,,,,,,,,
,,,,,,,,,,,,,,,,,,,,,,,,,,"[Enemies] Using a basic ATK has a 70% chance to decrease Buff Duration

[Enemies] Strengthen monsters",,,,,,,,
,CURRENT FLOOR: ,,,,,,,,,,,,,,,,,,,,,,,,,,,,,,,,,
,,,,,,,,,,,,,,,,,,,,,,,,,,,,,,,,,,
,,,,,,,,,,,,,,,,,,,,,,,,,,,,,,,,,,
,,,,,,,,,,,,,,,,,,,,,,,,,,,,,,,,,,"Rahkun and his minions swap between PDMG and MDMG Resistance. Time your hits. 

Battle does not end with Rahkun dead. Entire enemy party needs to die. 

However, as the boss taunts without MDMG Resistance, he may die earlier than the minions. The battle continues and if the minions happen to have MDMG Resistance on them after the boss has fallen, then this will become a very long battle. "
,,,,LI-T0,,EVAN-T0,,LINA-T0,,XIAO QIAO-T0,,PASCAL-T0,,,,,,RYAN-T0,,EVAN-T0,,LINA-T0,,XIAO QIAO-T0,,PASCAL-T0,,,,,,,,
,,,,,,,,,,,,,,,,,,,,,,,,,,,,,,,,,,
,,,,LI-T0,,EVAN-T0,,LINA-T0,,XIAO QIAO-T0,,PASCAL-T0,,,,,,BRANZE&BRANSEL-T0,,ELYSIA-T0,,KAGURA-T0,,KYLE-T0,,LU BU-T0,,,,,,,,
,,,,,,,,,,,,,,,,,,,,,,,,,,,,,,,,,,
,,,,LI-T0,,EVAN-T0,,LINA-T0,,XIAO QIAO-T0,,PASCAL-T0,,,,,,BISCUIT-T0,,EVAN-T0,,LINA-T0,,RYAN-T0,,SUNWUKONG-T0,,,,,,,,
,,,,,,,,,,,,,,,,,,,,,,,,,,,,,,,,,,
,9,,,DELLONS,,,,,,,,,,,,,Effect Descriptions:,,,,,,,,,,,,,,,,,
,,,,,,,,,,,,,,,,,,,"[Allies] Grants Silence Immunity (always active)

[Enemies] Weakens enemies",,,,,,,"[Enemies] Grants Weakness Hit Chance Boost (always active)
Increases Weakness Hit Chance by 30%

[Enemies] Strengthen enemies",,,,,,,,"- Grants DMG Nullification for 10 hits
- Grants PATK Boost of 7% upon activing skill (max 10 Stacks)
- ST grants DMG Nullification for 30 hits"
,,,,,,,,,,,,,,,,,,,,,,,,,,,,,,,,,,
,,,,,,,,,,,,,,,,,,,,,,,,,,"[Dellons] Skill 1 inflicts Execution

[Enemies] Strengthen enemies",,,,,,,,
,,,,,,,,DELLONS-T0,,,,,,,,,,,,,,,,,,,,,,,,,,
,,,,,,,,,,,,,,,,,,,"[Allies] Using a basic ATK has a 50% chance to inflict Bleed for 2 turns

[Enemies] Weakens enemies",,,,,,,,,,,,,,,
,,,,,,,,,,,,,,,,,,,,,,,,,,"[Dellons] Skill 2 DMG Nullification count increases to 40 hits

[Enemies] Strengthen enemies",,,,,,,,
,CURRENT FLOOR: ,,,,,,,,,,,,,,,,,,,,,,,,,,,,,,,,,
,,,,,,,,,,,,,,,,,,,,,,,,,,,,,,,,,,
,,,,,,,,,,,,,,,,,,,,,,,,,,,,,,,,,,
,,,,,,,,,,,,,,,,,,,,,,,,,,,,,,,,,,"Taunt - Li, Knox, Ryan
Silence Immunity - Jin,  Cleo

Reset your round until his first ST doesnt kill any of your unit. Then [Taunt] prior to every subsequent ST skill he uses. Save Pascal's skills when Dellons no longer has DMG Nullification to quickly nuke him down.

Bring DoT accessories to help shave off [DMG Nullification]; Burn, Poison, Bleed

If none of your units can tank Dellons' first ST skill, consider bringing a unit with innate [Guts] or [DMG Immunity] or [DMG Nullification] like Ace, Teo, Yeonhee, Yushin, Feng Yan and reset until that respective unit tanks the first ST."
,,,,JIN-T0,,LI-SE,,BISCUIT-T0,,LINA-T0,,PASCAL-T0,,,,,,BISCUIT-T0,,JIN-T0,,BAI JIAO-T0,,LINA-T0,,PASCAL-T0,,,,,,,,
,,,,,,,,,,,,,,,,,,,,,,,,,,,,,,,,,,
,,,,JIN-T0,,LI-SE,,JOKER-T0,,LINA-T0,,PASCAL-T0,,,,,,BISCUIT-T0,,JIN-T0,,JOKER-T0,,RYAN-T0,,PASCAL-T0,,,,,,,,
,,,,,,,,,,,,,,,,,,,,,,,,,,,,,,,,,,
,,,,JIN-T0,,RYAN-T0,,JOKER-T0,,LINA-T0,,PASCAL-T0,,,,,,BISCUIT-T0,,JIN-T0,,LING LING-T0,,BAI JIAO-T0,,PASCAL-T0,,,,,,,,
,,,,,,,,,,,,,,,,,,,,,,,,,,,,,,,,,,
,10,,,KRIS,,,,,,,,,,,,,Effect Descriptions:,,,,,,,,,,,,,,,,,
,,,,,,,,,,,,,,,,,,,"[Allies] Grants Single-Target ATK DMG Boost (always active)
Increases Single-Target ATK DMG by 40%

[Enemies] Weakens monsters",,,,,,,"[Enemies] Grants DEF Boost (always active)
Increases DEF by 54%

[Enemies] Strengthen monsters",,,,,,,,"- Revives Self with 20 turns of Immortality and resets skill cooldown upon revival
- Grants PDMG Immunity when above 50% HP
- Grants MDMG Immunity when below 50% HP
- Able to Silence on skills
- Minions revive with 3 turn of Immortality"
,,,,,,,,,,,,,,,,,,,,,,,,,,,,,,,,,,
,,,,,,,,,,,,,,,,,,,,,,,,,,"[Enemies] Using a basic ATK has a 70% chance to decrease Buff Duration

[Enemies] Strengthen monsters",,,,,,,,
,,,,,,,,KRIS-T0,,,,,,,,,,,,,,,,,,,,,,,,,,
,,,,,,,,,,,,,,,,,,,"[Allies] Grants Crit DMG Boost (always active)
Increase Crit DMG by 67%

[Enemies] Weakens monsters",,,,,,,,,,,,,,,
,,,,,,,,,,,,,,,,,,,,,,,,,,"[Allies] Inflicts Death Immunity Ban (always active)

[Enemies] Strengthen monsters",,,,,,,,
,CURRENT FLOOR: ,,,,,,,,,,,,,,,,,,,,,,,,,,,,,,,,,
,,,,,,,,,,,,,,,,,,,,,,,,,,,,,,,,,,
,,,,,,,,,,,,,,,,,,,,,,,,,,,,,,,,,,
,,,,,,,,,,,,,,,,,,,,,,,,,,,,,,,,,,"Make sure to have Elysia/Lucy's cleanse skill ready before Kris dies because he resets his skill cooldowns upon death. Use [Buff Removal] to remove [Immortality].

If [Buff Removal] is not available, consider letting some non-essential units die so that the turns go faster. Kris needs to expend 20 turns of [Immortality] but these only go down when Kris takes his turn to do his basic attack. With lesser units on the field, Kris takes his basic attack turn more often, consuming his [Immortality] faster.

i.e. A party of 5 VS Kris: 6 turns for Kris' immortality to go down 1 turn; compared to Single Unit VS Kris: 2 turns"
,,,,LEO-T0,,JIN-T0,,LINA-T0,,PASCAL-T0,,SHANE-T0,,,,,,LUCY-T0,,JIN-T0,,LINA-T0,,PASCAL-T0,,KYLE-T0,,,,,,,,
,,,,,,,,,,,,,,,,,,,,,,,,,,,,,,,,,,
,,,,LEO-T0,,JIN-T0,,LINA-T0,,PASCAL-T0,,KYLE-T0,,,,,,LINA-T0,,JIN-T0,,ELYSIA-T0,,PASCAL-T0,,KYLE-T0,,,,,,,,
,,,,,,,,,,,,,,,,,,,,,,,,,,,,,,,,,,
,,,,LUCY-T0,,JIN-T0,,LINA-T0,,PASCAL-T0,,KYLE-T0,,,,,,BISCUIT-T0,,JIN-T0,,ELYSIA-T0,,SUNWUKONG-T0,,KYLE-T0,,,,,,,,
,,,,,,,,,,,,,,,,,,,,,,,,,,,,,,,,,,
,,,,BISCUIT-T0,,LINA-T0,,DAISY-T0,,ELYSIA-T0,,PASCAL-T0,,,,,,BISCUIT-T0,,SUNWUKONG-T0,,RUDY-T0,,VELIKA-T0,,DAISY-T0,,,,,,,,
,,,,,,,,,,,,,,,,,,,,,,,,,,,,,,,,,,
,,RETIRED BOSSES,,,,,,,,,,,,,,,,,,,,,,,,,,,,,,,,
,,,,,,,,,,,,,,,,,,,,,,,,,,,,,,,,,,
,,,,,,,,,,,,,,,,,,,,,,,,,,,,,,,,,,
,,,,,,,,,,,,,,,,,,,,,,,,,,,,,,,,,,
,,,,,,,,,,,,,,,,,Effect Descriptions:,,,,,,,,,,,,,,,,,
,,,,,,,,#N/A,,,,,,,,,,,,,,,,,,,,,,,,,,
,,,,,,,,,,,,,,,,,,,,,,,,,,,,,,,,,,
,,,,,,,,,,,,,,,,,,,,,,,,,,,,,,,,,,
,,,,,,,,,,,,,,,,,,,,,,,,,,,,,,,,,,
,,,,,,,,,,,,,,,,,,,,,,,,,,,,,,,,,,
,,,,,,,,,,,,,,,,,,,,,,,,,,,,,,,,,,
,,,,,,,,,,,,,,,,,,,,,,,,,,,,,,,,,,
,,,,,,,,,,,,,,,,,,,,,,,,,,,,,,,,,,
,,,,,,,,,,,,,,,,,,,,,,,,,,,,,,,,,,
,,,,#N/A,,#N/A,,#N/A,,#N/A,,#N/A,,,,,,#N/A,,#N/A,,#N/A,,#N/A,,#N/A,,,,,,,,
,,,,,,,,,,,,,,,,,,,,,,,,,,,,,,,,,,
,,,,#N/A,,#N/A,,#N/A,,#N/A,,#N/A,,,,,,#N/A,,#N/A,,#N/A,,#N/A,,#N/A,,,,,,,,
,,,,,,,,,,,,,,,,,,,,,,,,,,,,,,,,,,
,,,,#N/A,,#N/A,,#N/A,,#N/A,,#N/A,,,,,,#N/A,,#N/A,,#N/A,,#N/A,,#N/A,,,,,,,,
,,,,,,,,,,,,,,,,,,,,,,,,,,,,,,,,,,
,,,,,,,,,,,,,,,,,,,,,,,,,,,,,,,,,,
,,,,,,,,,,,,,,,,,,,,,,,,,,,,,,,,,,
,,,,,,,,,,,,,,,,,,,,,,,,,,,,,,,,,,
,,,,,,,,,,,,,,,,,Effect Descriptions:,,,,,,,,,,,,,,,,,
,,,,,,,,#N/A,,,,,,,,,,,,,,,,,,,,,,,,,,
,,,,,,,,,,,,,,,,,,,,,,,,,,,,,,,,,,
,,,,,,,,,,,,,,,,,,,,,,,,,,,,,,,,,,
,,,,,,,,,,,,,,,,,,,,,,,,,,,,,,,,,,
,,,,,,,,,,,,,,,,,,,,,,,,,,,,,,,,,,
,,,,,,,,,,,,,,,,,,,,,,,,,,,,,,,,,,
,,,,,,,,,,,,,,,,,,,,,,,,,,,,,,,,,,
,,,,,,,,,,,,,,,,,,,,,,,,,,,,,,,,,,
,,,,,,,,,,,,,,,,,,,,,,,,,,,,,,,,,,
,,,,#N/A,,#N/A,,#N/A,,#N/A,,#N/A,,,,,,#N/A,,#N/A,,#N/A,,#N/A,,#N/A,,,,,,,,
,,,,,,,,,,,,,,,,,,,,,,,,,,,,,,,,,,
,,,,#N/A,,#N/A,,#N/A,,#N/A,,#N/A,,,,,,#N/A,,#N/A,,#N/A,,#N/A,,#N/A,,,,,,,,
,,,,,,,,,,,,,,,,,,,,,,,,,,,,,,,,,,
,,,,#N/A,,#N/A,,#N/A,,#N/A,,#N/A,,,,,,#N/A,,#N/A,,#N/A,,#N/A,,#N/A,,,,,,,,
,,,,,,,,,,,,,,,,,,,,,,,,,,,,,,,,,,
,,,,,,,,,,,,,,,,,,,,,,,,,,,,,,,,,,
,,,,,,,,,,,,,,,,,,,,,,,,,,,,,,,,,,
,,,,,,,,,,,,,,,,,,,,,,,,,,,,,,,,,,
,,,,,,,,,,,,,,,,,Effect Descriptions:,,,,,,,,,,,,,,,,,
,,,,,,,,#N/A,,,,,,,,,,,,,,,,,,,,,,,,,,
,,,,,,,,,,,,,,,,,,,,,,,,,,,,,,,,,,
,,,,,,,,,,,,,,,,,,,,,,,,,,,,,,,,,,
,,,,,,,,,,,,,,,,,,,,,,,,,,,,,,,,,,
,,,,,,,,,,,,,,,,,,,,,,,,,,,,,,,,,,
,,,,,,,,,,,,,,,,,,,,,,,,,,,,,,,,,,
,,,,,,,,,,,,,,,,,,,,,,,,,,,,,,,,,,
,,,,,,,,,,,,,,,,,,,,,,,,,,,,,,,,,,
,,,,,,,,,,,,,,,,,,,,,,,,,,,,,,,,,,
,,,,#N/A,,#N/A,,#N/A,,#N/A,,#N/A,,,,,,#N/A,,#N/A,,#N/A,,#N/A,,#N/A,,,,,,,,
,,,,,,,,,,,,,,,,,,,,,,,,,,,,,,,,,,
,,,,#N/A,,#N/A,,#N/A,,#N/A,,#N/A,,,,,,#N/A,,#N/A,,#N/A,,#N/A,,#N/A,,,,,,,,
,,,,,,,,,,,,,,,,,,,,,,,,,,,,,,,,,,
,,,,#N/A,,#N/A,,#N/A,,#N/A,,#N/A,,,,,,#N/A,,#N/A,,#N/A,,#N/A,,#N/A,,,,,,,,
,,,,,,,,,,,,,,,,,,,,,,,,,,,,,,,,,,
,,,,,,,,,,,,,,,,,,,,,,,,,,,,,,,,,,
,,,,,,,,,,,,,,,,,,,,,,,,,,,,,,,,,,
,,,,,,,,,,,,,,,,,,,,,,,,,,,,,,,,,,
,,,,,,,,,,,,,,,,,Effect Descriptions:,,,,,,,,,,,,,,,,,
,,,,,,,,#N/A,,,,,,,,,,,,,,,,,,,,,,,,,,
,,,,,,,,,,,,,,,,,,,,,,,,,,,,,,,,,,
,,,,,,,,,,,,,,,,,,,,,,,,,,,,,,,,,,
,,,,,,,,,,,,,,,,,,,,,,,,,,,,,,,,,,
,,,,,,,,,,,,,,,,,,,,,,,,,,,,,,,,,,
,,,,,,,,,,,,,,,,,,,,,,,,,,,,,,,,,,
,,,,,,,,,,,,,,,,,,,,,,,,,,,,,,,,,,
,,,,,,,,,,,,,,,,,,,,,,,,,,,,,,,,,,
,,,,,,,,,,,,,,,,,,,,,,,,,,,,,,,,,,
,,,,#N/A,,#N/A,,#N/A,,#N/A,,#N/A,,,,,,#N/A,,#N/A,,#N/A,,#N/A,,#N/A,,,,,,,,
,,,,,,,,,,,,,,,,,,,,,,,,,,,,,,,,,,
,,,,#N/A,,#N/A,,#N/A,,#N/A,,#N/A,,,,,,#N/A,,#N/A,,#N/A,,#N/A,,#N/A,,,,,,,,
,,,,,,,,,,,,,,,,,,,,,,,,,,,,,,,,,,
,,,,#N/A,,#N/A,,#N/A,,#N/A,,#N/A,,,,,,#N/A,,#N/A,,#N/A,,#N/A,,#N/A,,,,,,,,
,,,,,,,,,,,,,,,,,,,,,,,,,,,,,,,,,,
,,,,,,,,,,,,,,,,,,,,,,,,,,,,,,,,,,
,CURRENT FLOOR: -,,,SNIPPER,,,,,,,,,,,,,Effect Descriptions:,,,,,,,,,,,,,,,,,
,,,,,,,,,,,,,,,,,,,"[Allies] Grants Link (always active)

[Enemies] Weakens enemies",,,,,,,"[Enemies] Inflicts Burn Immunity Ban (always active)

[Enemies] Strengthen enemies",,,,,,,,- Activates skill again if the skill kills any of your units
,,,,,,,,,,,,,,,,,,,,,,,,,,,,,,,,,,
,,,,,,,,,,,,,,,,,,,,,,,,,,"[Enemies] DMG Boost (always active)

[Enemies] Strengthen enemies",,,,,,,,
,,,,,,,,SNIPPER-T0,,,,,,,,,,,,,,,,,,,,,,,,,,
,,,,,,,,,,,,,,,,,,,"[Allies] Grants DMG Resistance (always active)

[Enemies] Weakens enemies",,,,,,,,,,,,,,,
,,,,,,,,,,,,,,,,,,,,,,,,,,"[Enemies] Grants Magic DMG Immunity (always active)

[Enemies] Strengthen enemies",,,,,,,,
,,,,,,,,,,,,,,,,,,,,,,,,,,,,,,,,,,
,,,,,,,,,,,,,,,,,,,,,,,,,,,,,,,,,,
,,,,,,,,,,,,,,,,,,,,,,,,,,,,,,,,,,
,,,,,,,,,,,,,,,,,,,,,,,,,,,,,,,,,,"Sustain enough of Snipper's DMG and make sure to Taunt with Li or Link with Rudy before Snipper uses his ST nuke skill.

Gear your heroes with high Effect Resistance so that you can resist Burn and won't have to worry as much."
,,,,LI-T0,,BISCUIT-T0,,LINA-T0,,YUI-T0,,PASCAL-T0,,,,,,LI-T0,,BISCUIT-T0,,LINA-T0,,RACHEL-T0,,SHANE-T0,,,,,,,,
,,,,,,,,,,,,,,,,,,,,,,,,,,,,,,,,,,
,,,,LI-T0,,BISCUIT-T0,,LINA-T0,,YUI-T0,,PASCAL-T0,,,,,,RUDY-T0,,BISCUIT-T0,,LINA-T0,,RACHEL-T0,,SHANE-T0,,,,,,,,
,,,,,,,,,,,,,,,,,,,,,,,,,,,,,,,,,,
,,,,LI-T0,,BISCUIT-T0,,LINA-T0,,YUI-T0,,PASCAL-T0,,,,,,XIAO-T0,,BISCUIT-T0,,LINA-T0,,LU BU-T0,,BAI LONG-T0,,,,,,,,
,,,,,,,,,,,,,,,,,,,,,,,,,,,,,,,,,,
,,,,,,,,,,,,,,,,,,,,,,,,,,,,,,,,,,
,,,,,,,,,,,,,,,,,,,,,,,,,,,,,,,,,,
,CURRENT FLOOR: -,,,MERCURE,,,,,,,,,,,,,Effect Descriptions:,,,,,,,,,,,,,,,,,
,,,,,,,,,,,,,,,,,,,"[Allies] Grants Petrify Immunity (always active)

[Enemies] Weakens enemies",,,,,,,"[Enemies] Grants Effect Hit Rate Boost (always active)
Increases Effect Hit Rate by 37%

[Enemies] Strengthen enemies",,,,,,,,"- Decreases Effect Resistance
- Has DMG Cap of 10%
- Instead of Stun, has Petrify
- Generally higher rate of Magic Reflux application"
,,,,,,,,,,,,,,,,,,,,,,,,,,,,,,,,,,
,,,,,,,,,,,,,,,,,,,,,,,,,,"[Enemies] Grants DEF Boost (always active)

[Enemies] Strengthen enemies",,,,,,,,
,,,,,,,,MERCURE-T0,,,,,,,,,,,,,,,,,,,,,,,,,,
,,,,,,,,,,,,,,,,,,,"[Allies] Grants Single-Target ATK DMG Boost (always active)
Increases Single-Target ATK DMG by 40%

[Enemies] Weakens enemies",,,,,,,,,,,,,,,
,,,,,,,,,,,,,,,,,,,,,,,,,,"[Enemies] Grants Effect Probability Boost (always active)
Increases Effect Probability by 44% 

[Enemies] Strengthen enemies",,,,,,,,
,,,,,,,,,,,,,,,,,,,,,,,,,,,,,,,,,,
,,,,,,,,,,,,,,,,,,,,,,,,,,,,,,,,,,
,,,,,,,,,,,,,,,,,,,,,,,,,,,,,,,,,,
,,,,,,,,,,,,,,,,,,,,,,,,,,,,,,,,,,"Depending on how strong your Pascal is, he should be able to hit DMG Cap without any issues. 

Use Lina's Heal and Evan's Shield to allow better survival through the Magic Reflux. Mercure's damage comes from his Magic Reflux. Just have enough healing to sustain. Velika helps to cycle Pascal's skills much faster to nuke Mercure asap.

When Mercure uses his Skill1 and forms a Barrier, use Daisy and/or Biscuit to remove it and then proceed with Pascal's skill."
,,,,BISCUIT-T0,,LUCY-T0,,LINA-T0,,EVAN-T0,,PASCAL-T0,,,,,,VELIKA-T0,,DAISY-T0,,LINA-T0,,EVAN-T0,,PASCAL-T0,,,,,,,,
,,,,,,,,,,,,,,,,,,,,,,,,,,,,,,,,,,
,,,,DAISY-T0,,VELIKA-T0,,LINA-T0,,EVAN-T0,,PASCAL-T0,,,,,,BISCUIT-T0,,DAISY-T0,,LINA-T0,,EVAN-T0,,PASCAL-T0,,,,,,,,
,,,,,,,,,,,,,,,,,,,,,,,,,,,,,,,,,,
,,,,DAISY-T0,,VELIKA-T0,,LINA-T0,,EVAN-T0,,PASCAL-T0,,,,,,VELIKA-T0,,DAISY-T0,,LINA-T0,,XIAO QIAO-T0,,SUNWUKONG-T0,,,,,,,,
,,,,,,,,,,,,,,,,,,,,,,,,,,,,,,,,,,
,,,,,,,,,,,,,,,,,,,,,,,,,,,,,,,,,,
,,,,,,,,,,,,,,,,,,,,,,,,,,,,,,,,,,
,CURRENT FLOOR: -,,,"KNOX, SARAH, CLOPS",,,,,,,,,,,,,Effect Descriptions:,,,,,,,,,,,,,,,,,
,,,,,,,,,,,,,,,,,,,"[Allies] Grants Death Immunity (always active)

[Enemies] Weakens enemies",,,,,,,"[Enemies] Grants Single-Target ATK Resistance  (always active)
Decreases DMG from Single-Target ATK DMG by 90%

[Enemies] Strengthen enemies",,,,,,,,"- Deals additional DMG when Sarah minion is alive
- Heals self by 20% of MAXHP when Clops minion is alive
- Grants Barrier equal to 20% of MAXHP when HP falls to 50% or lower for 3 turns (once per battle)"
,,,,,,,,,,,,,,,,,,,,,,,,,,,,,,,,,,
,,,,,,,,,,,,,,,,,,,,,,,,,,"[Enemies] Inflicts DEF Reduction (always active)
Decreases DEF by 29%

[Enemies] Strengthen enemies",,,,,,,,
,,,,ELYSIA-T0,,YUI-T0,,KNOX-T0,,KAGURA-T0,,KYLE-T0,,,,,,,,,,,,,,,,,,,,,,
,,,,,,,,,,,,,,,,,,,"[Allies] Grants Triple-Target ATK DMG Boost (always active)
Increases Triple-Target ATK DMG by 40%

[Enemies] Weakens enemies",,,,,,,,,,,,,,,
,,,,,,,,,,,,,,,,,,,,,,,,,,"[Enemies] Grants Physical DMG Immunity (always active)

[Enemies] Strengthen enemies",,,,,,,,
,,,,,,,,,,,,,,,,,,,,,,,,,,,,,,,,,,
,,,,SARAH-T0,,SARAH-T0,,JURI-T0,,FAI-SE,,KYLE-T0,,,,,,,,,,,,,,,,,,,,,,
,,,,,,,,,,,,,,,,,,,,,,,,,,,,,,,,,,
,,,,,,,,,,,,,,,,,,,,,,,,,,,,,,,,,,"DPS options can revolve around Ruri, Yeonhee, Kyle

Immunity - Leo, Evan (Evan not needed if you can one-shot Clops)

Must kill Sarah and Clops before Knox uses Hell Strike. Hell Strike is buffed if any of Knox' minions are alive.

After using Hell Strike, Knox uses Taunt and his minions use 3-4 skills before Knox uses Hell Strike again. Kill minions before next Hell Strike.
"
,,,,LEO-T0,,LINA-T0,,BISCUIT-T0,,TEO-T0,,KYLE-T0,,,,,,EVAN-T0,,LINA-T0,,BISCUIT-T0,,YEONHEE-T0,,RURI-T0,,,,,,,,
,,,,,,,,,,,,,,,,,,,,,,,,,,,,,,,,,,
,,,,LEO-T0,,LINA-T0,,BISCUIT-T0,,EVAN-T0,,KYLE-T0,,,,,,LEO-T0,,LINA-T0,,BISCUIT-T0,,VELIKA-T0,,YEONHEE-T0,,,,,,,,
,,,,,,,,,,,,,,,,,,,,,,,,,,,,,,,,,,
,,,,LEO-T0,,EVAN-T0,,BISCUIT-T0,,TEO-T0,,KYLE-T0,,,,,,XIAO QIAO-T0,,LINA-T0,,BISCUIT-T0,,VELIKA-T0,,SUNWUKONG-T0,,,,,,,,
,,,,,,,,,,,,,,,,,,,,,,,,,,,,,,,,,,
,,,,,,,,,,,,,,,,,,,,,,,,,,,,,,,,,,
,,,,,,,,,,,,,,,,,,,,,,,,,,,,,,,,,,
,CURRENT FLOOR: -,,,"ARAGON, ROOK, CHANCELLOR",,,,,,,,,,,,,Effect Descriptions:,,,,,,,,,,,,,,,,,
,,,,,,,,,,,,,,,,,,,"[Allies] Grants Weakness Hit Chance Boost (always active)
Increases Weakness Hit Chance by 54%

[Enemies] Weakens enemies",,,,,,,"[Enemies] Grants Single-Target Attack Resistance (always active)

[Enemies] Strengthen enemies",,,,,,,,"- Aragon inflicts passive Crit Rate Reduction (always active)
- Chancellor inflicts active Crit Rate Reduction (3 turns)"
,,,,,,,,,,,,,,,,,,,,,,,,,,,,,,,,,,
,,,,,,,,,,,,,,,,,,,,,,,,,,"[Enemies] DEF Boost (always active)
Increases DEF by 54%

[Enemies] Strengthens enemies",,,,,,,,
,,,,,,,,ARAGON-T0,,,,,,,,,,,,,,,,,,,,,,,,,,
,,,,,,,,,,,,,,,,,,,"[Allies] Grants Weakness Hit DMG Boost (always active)
Increases Weakness Hit DMG by 56%

[Enemies] Weakens enemies",,,,,,,,,,,,,,,
,,,,,,,,,,,,,,,,,,,,,,,,,,"[Enemies] Grants PDMG Immunity (always active)

[Enemies] Strengthen enemies",,,,,,,,
,,,,,,,,,,,,,,,,,,,,,,,,,,,,,,,,,,
,,,,,,ROOK-T0,,,,CHANCELLOR-T0,,,,,,,,,,,,,,,,,,,,,,,,
,,,,,,,,,,,,,,,,,,,,,,,,,,,,,,,,,,
,,,,,,,,,,,,,,,,,,,,,,,,,,,,,,,,,,"Use Miho's debuff removal after Chancellor's Crit Rate Debuff

Use Biscuit's buff removal after Rook's Barrier"
,,,,SIEG-T0,,RACHEL-T0,,LINA-T0,,BISCUIT-T0,,KYLE-T0,,,,,,MIHO-T0,,VELIKA-T0,,LINA-T0,,BISCUIT-T0,,YEONHEE-T0,,,,,,,,
,,,,,,,,,,,,,,,,,,,,,,,,,,,,,,,,,,
,,,,SIEG-T0,,RACHEL-T0,,LINA-T0,,BISCUIT-T0,,KYLE-T0,,,,,,YEONHEE-T0,,VELIKA-T0,,LINA-T0,,BISCUIT-T0,,SUNWUKONG-T0,,,,,,,,
,,,,,,,,,,,,,,,,,,,,,,,,,,,,,,,,,,
,,,,MIHO-T0,,VELIKA-T0,,LINA-T0,,BISCUIT-T0,,PASCAL-T0,,,,,,DAISY-T0,,VELIKA-T0,,LINA-T0,,BISCUIT-T0,,SUNWUKONG-T0,,,,,,,,
,,,,,,,,,,,,,,,,,,,,,,,,,,,,,,,,,,
,,,,,,,,,,,,,,,,,,,,,,,,,,,,,,,,,,
,,,,,,,,,,,,,,,,,,,,,,,,,,,,,,,,,,
,CURRENT FLOOR: -,,,"PASCAL, TEO, YEONHEE, KYLE, KARMA",,,,,,,,,,,,,Effect Descriptions:,,,,,,,,,,,,,,,,,
,,,,,,,,,,,,,,,,,,,"[Allies] Grants DMG Boost (always active)
Increases DMG by 28%

[Enemies] Weakens enemies

",,,,,,,"[Enemies] Grants DEF Boost (always active)
Increases DEF by 54%

[Enemies] Strengthen enemies",,,,,,,,"Pascal's Reset revives 2 minions

Teo has Death; buffs Pascal with 100% Crit Rate
Yeon has Sleep; buffs Pascal with 100% Block Rate
Karma has DMGResistance; buffs Pascal with Life Drain
Kyle buffs Pascal with Ignore DEF"
,,,,,,,,,,,,,,,,,,,,,,,,,,,,,,,,,,
,,,,,,,,,,,,,,,,,,,,,,,,,,"[Enemies] [Pascal] Changes number of targets for Skill 2
[Titan of Calamities] Changes number of targets to 5

[Enemies] Strengthen enemies",,,,,,,,
,,,,,,,,PASCAL-T0,,,,,,,,,,,,,,,,,,,,,,,,,,
,,,,,,,,,,,,,,,,,,,"[Enemies] Grants DMG Resistance (always active)
Decreases DMG taken by 28%

[Enemies] Weakens enemies",,,,,,,,,,,,,,,
,,,,,,,,,,,,,,,,,,,,,,,,,,"[Allies] Inflicts Incoming Healing Reduction (always active)
Decreases Incoming Healing by 60%

[Enemies] Strengthen enemies",,,,,,,,
,,,,,,,,,,,,,,,,,,,,,,,,,,,,,,,,,,
,,,,TEO-T0,,YEONHEE-T0,,,,KARMA-T0,,KYLE-T0,,,,,,,,,,,,,,,,,,,,,,
,,,,,,,,,,,,,,,,,,,,,,,,,,,,,,,,,,
,,,,,,,,,,,,,,,,,,,,,,,,,,,,,,,,,,"Save nuke AOEs for when after Pascal revives minions

Save heals for after Pascal nukes your team. WK helps with healing as well

Cheese-able if you keep restarting the run until Pascal revives not-Yeonhee. Yeonhee buffs Pascal with 100% Block. Without block, your should be able to nuke Pascal alot faster
"
,,,,BISCUIT-T0,,LINA-T0,,VELIKA-T0,,MIHO-T0,,YEONHEE-T0,,,,,,BISCUIT-T0,,LINA-T0,,ELYSIA-T0,,HELLENIA-T0,,SUNWUKONG-T0,,,,,,,,
,,,,,,,,,,,,,,,,,,,,,,,,,,,,,,,,,,
,,,,BISCUIT-T0,,LINA-T0,,VELIKA-T0,,MIHO-T0,,SUNWUKONG-T0,,,,,,BISCUIT-T0,,LINA-T0,,ELYSIA-T0,,SUNWUKONG-T0,,KYLE-T0,,,,,,,,
,,,,,,,,,,,,,,,,,,,,,,,,,,,,,,,,,,
,,,,BISCUIT-T0,,LINA-T0,,ELYSIA-T0,,SUNWUKONG-T0,,PASCAL-T0,,,,,,BISCUIT-T0,,LINA-T0,,VELIKA-T0,,XIAO QIAO-T0,,PASCAL-T0,,,,,,,,
,,,,,,,,,,,,,,,,,,,,,,,,,,,,,,,,,,
,,,,,,,,,,,,,,,,,,,,,,,,,,,,,,,,,,
,,,,,,,,,,,,,,,,,,,,,,,,,,,,,,,,,,
,CURRENT FLOOR: -,,,COCO,,,,,,,,,,,,,Effect Descriptions:,,,,,,,,,,,,,,,,,
,,,,,,,,,,,,,,,,,,,"[Allies] Grants Shock Immunity (always active)

[Enemies] Weaken enemies",,,,,,,"[5★ Coco] Changes number of targets for Skill 2
Changes number of targets of [Lightning Shuriken] to 5

[Enemies] Strengthen enemies",,,,,,,,"- Grants Effect Hit Rate Boost to all allies
- Applies Camouflage on self while also reviving fallen allies. If not fallen, heals their HP
- While on Camouflage, deals DEF-ignoring DMG on ST skill
- Minions resist DMG from Single-Target attacks and have MATK Boost"
,,,,,,,,,,,,,,,,,,,,,,,,,,,,,,,,,,
,,,,,,,,,,,,,,,,,,,,,,,,,,"[Enemies] Grants Ignore DEF (always active)

[Enemies] Strengthen enemies",,,,,,,,
,,,,,,,,,,,,,,,,,,,,,,,,,,,,,,,,,,
,,,,,,,,,,,,,,,,,,,"[Allies] Grants Quintuple-Target Attack DMG Boost (always active)

[Enemies] Weaken enemies",,,,,,,,,,,,,,,
,,,,,,,,,,,,,,,,,,,,,,,,,,"[Enemies] Grants MDMG Immunity (always active)

[Enemies] Strengthen enemies",,,,,,,,
,,,,,,,,,,,,,,,,,,,,,,,,,,,,,,,,,,
,,,,,,,,,,,,,,,,,,,,,,,,,,,,,,,,,,
,,,,,,,,,,,,,,,,,,,,,,,,,,,,,,,,,,
,,,,,,,,,,,,,,,,,,,,,,,,,,,,,,,,,,"Shock Immunity - Chloe

Boss Coco uses [Camouflage] and [Revives] minions. If minions are alive, Boss Coco's skill [Ignore DEF], dealing huge DMG. Make sure to always clear minions before Boss Coco uses skill

Some people use Espada to speed clear Boss Coco after Kyle clears the minions"
,,,,BISCUIT-T0,,RACHEL-T0,,LINA-T0,,TEO-T0,,KYLE-T0,,,,,,CHLOE-SE,,BISCUIT-T0,,LINA-T0,,SHANE-T0,,KYLE-T0,,,,,,,,
,,,,,,,,,,,,,,,,,,,,,,,,,,,,,,,,,,
,,,,CHLOE-T0,,BISCUIT-T0,,LINA-T0,,SHANE-T0,,KYLE-T0,,,,,,CHLOE-SE,,BISCUIT-T0,,LINA-T0,,SHANE-T0,,KYLE-T0,,,,,,,,
,,,,,,,,,,,,,,,,,,,,,,,,,,,,,,,,,,
,,,,CHLOE-T0,,BISCUIT-T0,,LINA-T0,,SHANE-T0,,KYLE-T0,,,,,,GUAN YU-T0,,BISCUIT-T0,,LINA-T0,,LU BU-T0,,BAI LONG-T0,,,,,,,,
,,,,,,,,,,,,,,,,,,,,,,,,,,,,,,,,,,
,,,,,,,,,,,,,,,,,,,,,,,,,,,,,,,,,,
,,,,,,,,,,,,,,,,,,,,,,,,,,,,,,,,,,
,,,,,,,,,,,,,,,,,,,,,,,,,,,,,,,,,,
,CURRENT FLOOR: -,,,NOHO,,,,,,,,,,,,,Effect Descriptions:,,,,,,,,,,,,,,,,,
,,,,,,,,,,,,,,,,,,,"[Allies] Survives with 1 HP upon taking lethal damage for the first time

[Enemies] Weakens enemies",,,,,,,"[Enemies] Grants Debuff Immunity (always active)

[Enemies] Strengthen enemies",,,,,,,,"- Grants All DMG Nullification
- Inflicts Incoming Healing Reduction
- Deals Fixed DMG and inflicts Burn
- Inflicts HP Alteration and Fixed DMG"
,,,,,,,,,,,,,,,,,,,,,,,,,,,,,,,,,,
,,,,,,,,,,,,,,,,,,,,,,,,,,"[Enemies] Inflicts Outgoing Healing Reduction (always active)
Decreases Outgoing Healing by 36%

[Enemies] Strengthen enemies",,,,,,,,
,,,,,,,,NOHO-T0,,,,,,,,,,,,,,,,,,,,,,,,,,
,,,,,,,,,,,,,,,,,,,"[Allies] Grants Life Drain (always active)
Recovers HP equal to 100% of DMG

[Enemies] Weakens enemies",,,,,,,,,,,,,,,
,,,,,,,,,,,,,,,,,,,,,,,,,,"[Enemies] Grants MDMG Immunity (always active)

[Enemies] Strengthen enemies",,,,,,,,
,,,,,,,,,,,,,,,,,,,,,,,,,,,,,,,,,,
,,,,,,,,,,,,,,,,,,,,,,,,,,,,,,,,,,
,,,,,,,,,,,,,,,,,,,,,,,,,,,,,,,,,,
,,,,,,,,,,,,,,,,,,,,,,,,,,,,,,,,,,"Noho uses [HP Alteration], [Fixed DMG] and [Burn].

Use [Barrier] right before Noho uses [HP Alteration] to make sure that you can tank the DMG that follows it. Ideally, the [Barrier] also tanks the next skill that has [Fixed DMG]. 

[Heal] right after [HP Alteration].
i.e. [Barrier] > [Noho HP Alteration] > [Heal] > [Noho Burn]"
,,,,EVAN-T0,,YUI-T0,,BISCUIT-T0,,LINA-T0,,PASCAL-T0,,,,,,EVAN-T0,,ASURA-T0,,YUI-T0,,LINA-T0,,SHANE-T0,,,,,,,,
,,,,,,,,,,,,,,,,,,,,,,,,,,,,,,,,,,
,,,,VELIKA-T0,,YUI-T0,,BISCUIT-T0,,LINA-T0,,PASCAL-T0,,,,,,VELIKA-T0,,ASURA-T0,,YUI-T0,,LINA-T0,,KYLE-T0,,,,,,,,
,,,,,,,,,,,,,,,,,,,,,,,,,,,,,,,,,,
,,,,EVAN-T0,,YUI-T0,,BISCUIT-T0,,LINA-T0,,PASCAL-T0,,,,,,XIAO-T0,,KAGURA-T0,,BISCUIT-T0,,LU BU-T0,,BAI LONG-T0,,,,,,,,
,,,,,,,,,,,,,,,,,,,,,,,,,,,,,,,,,,
,,,,,,,,,,,,,,,,,,,,,,,,,,,,,,,,,,
,,,,,,,,,,,,,,,,,,,,,,,,,,,,,,,,,,
,,,,,,,,,,,,,,,,,,,,,,,,,,,,,,,,,,
,CURRENT FLOOR: -,,,SPIKE,,,,,,,,,,,,,Effect Descriptions:,,,,,,,,,,,,,,,,,
,,,,,,,,,,,,,,,,,,,"[Allies] Grants Freeze Immunity (always active)

[Enemies] Weakens enemies",,,,,,,"[Enemies] Grants Life Drain (always active)
Recovers HP equal to 100% of DMG

[Enemies] Strengthen enemies",,,,,,,,"- Grants Effect Hit Rate Boost (by 49%) & Guts
- Inflicts Freeze, Buff Duration Reduction, Absolute Zero: Freeze
- Grants All Debuff Removal upon using a basic attack
- Grants 1 stack of DMG Boost for each debuff removed (max 50stacks)"
,,,,,,,,,,,,,,,,,,,,,,,,,,,,,,,,,,
,,,,,,,,,,,,,,,,,,,,,,,,,,"[Enemies] Grants Ignore DEF (always active)
Ignores 20% of target's DEF

[Enemies] Strengthen enemies",,,,,,,,
,,,,,,,,SPIKE-T0,,,,,,,,,,,,,,,,,,,,,,,,,,
,,,,,,,,,,,,,,,,,,,"[Enemies] Grants Incoming Healing Boost (always active)
Increases Incoming Healing by 36%

[Enemies] Weakens enemies",,,,,,,,,,,,,,,
,,,,,,,,,,,,,,,,,,,,,,,,,,"[Spike] Skill 2 HP Condition Increases
HP condition for [Icequake] will be changed to 50% or less

[Enemies] Strengthen enemies",,,,,,,,
,,,,,,,,,,,,,,,,,,,,,,,,,,,,,,,,,,
,,,,,,,,,,,,,,,,,,,,,,,,,,,,,,,,,,
,,,,,,,,,,,,,,,,,,,,,,,,,,,,,,,,,,
,,,,,,,,,,,,,,,,,,,,,,,,,,,,,,,,,,"Freeze Immunity - Feng Yan, Lania

Spike deals heavy debuffs if his skills hit any of your units to below a certain HP threshold. He also heals on hit. Make sure front line have Block Rate armour and defensive substats.

[Barrier] helps to tank the damage. Spike does not heal upon damaging [Barrier].

Do not debuff Spike. Yui is ill-advised because a debuff is attached to her basic attack. Keep all units' HP above 30%

Frontline Li tanks Spike's ST skill that spreads dmg to entire row, reducing Spike's Life Drain."
,,,,BISCUIT-T0,,ESPADA-T0,,EVAN-T0,,LINA-T0,,PASCAL-T0,,,,,,VELIKA-T0,,BISCUIT-T0,,EVAN-T0,,LINA-T0,,PASCAL-T0,,,,,,,,
,,,,,,,,,,,,,,,,,,,,,,,,,,,,,,,,,,
,,,,BISCUIT-T0,,KARON-T0,,EVAN-T0,,LINA-T0,,PASCAL-T0,,,,,,FENG YAN-T0,,VELIKA-T0,,EVAN-SE,,LINA-T0,,PASCAL-T0,,,,,,,,
,,,,,,,,,,,,,,,,,,,,,,,,,,,,,,,,,,
,,,,FENG YAN-T0,,BISCUIT-T0,,EVAN-T0,,LINA-T0,,PASCAL-T0,,,,,,FENG YAN-T0,,VELIKA-T0,,REGINLEIF-T0,,XIAO QIAO-T0,,PASCAL-T0,,,,,,,,
,,,,,,,,,,,,,,,,,,,,,,,,,,,,,,,,,,
,,,,,,,,,,,,,,,,,,,,,,,,,,,,,,,,,,
,,,,,,,,,,,,,,,,,,,,,,,,,,,,,,,,,,
,,,,,,,,,,,,,,,,,,,,,,,,,,,,,,,,,,
,CURRENT FLOOR: -,,,KAGURA,,,,,,,,,,,,,Effect Descriptions:,,,,,,,,,,,,,,,,,
,,,,,,,,,,,,,,,,,,,"[Allies] Grants Petrify Immunity (always active)

[Enemies] Weakens enemies",,,,,,,"[Enemies] Grants MAX HP Boost
Increases Max HP by 100%

[Enemies] Strengthen enemies",,,,,,,,"Kagura has 66% Crit Rate; having Block Rate will help mitigate DMG alot

Kagura deals more DMG when she has DMG Immunity so make sure to remove it ASAP with Rudy's skill"
,,,,,,,,,,,,,,,,,,,,,,,,,,,,,,,,,,
,,,,,,,,,,,,,,,,,,,,,,,,,,"[Enemies] Grants DEF Boost
Increases DEF by 54%

[Enemies] Strengthen enemies",,,,,,,,
,,,,,,,,KAGURA-T0,,,,,,,,,,,,,,,,,,,,,,,,,,
,,,,,,,,,,,,,,,,,,,"[Allies] 50% chance to inflict Poison upon using a basic attack (2 turns)

[Enemies] Weakens enemies",,,,,,,,,,,,,,,
,,,,,,,,,,,,,,,,,,,,,,,,,,"[Enemies] Grants DMG Boost
Increases DMG by 28%

[Enemies] Strengthen enemies",,,,,,,,
,,,,,,,,,,,,,,,,,,,,,,,,,,,,,,,,,,
,,,,,,,,,,,,,,,,,,,,,,,,,,,,,,,,,,
,,,,,,,,,,,,,,,,,,,,,,,,,,,,,,,,,,
,,,,,,,,,,,,,,,,,,,,,,,,,,,,,,,,,,"Having Velika's Basic attack enhanced will helps alot with sync-ing Rudy's cooldown with Kagura's skills. Still do-able without enhance

If sustain is an issue, hike up WK's ATK for more heals. Yeonji pet

Daisy gives Barrier after casting 2 skills; prep her Barrier by holding off 1 skill for emergency Barrier

Consider NOT using skills to manipulate skill cooldown (i.e. if you think not using a skill can make Kagura miss using her own skill so that you have more time to cooldown Rudy's skill)
"
,,,,LINA-T0,,BISCUIT-T0,,BRANZE&BRANSEL-T0,,KYLE-T0,,SUNWUKONG-T0,,,,,,ELYSIA-T0,,DAISY-T0,,RUDY-T0,,VELIKA-T0,,SUNWUKONG-T0,,,,,,,,
,,,,,,,,,,,,,,,,,,,,,,,,,,,,,,,,,,
,,,,BAI JIAO-T0,,LINA-T0,,RUDY-T0,,TEO-T0,,PASCAL-T0,,,,,,BISCUIT-T0,,DAISY-T0,,RUDY-T0,,VELIKA-T0,,SUNWUKONG-T0,,,,,,,,
,,,,,,,,,,,,,,,,,,,,,,,,,,,,,,,,,,
,,,,BISCUIT-T0,,LINA-T0,,DAISY-T0,,ELYSIA-T0,,PASCAL-T0,,,,,,BISCUIT-T0,,SUNWUKONG-T0,,RUDY-T0,,VELIKA-T0,,DAISY-T0,,,,,,,,
,,,,,,,,,,,,,,,,,,,,,,,,,,,,,,,,,,
,,,,,,,,,,,,,,,,,,,,,,,,,,,,,,,,,,
,,,,,,,,,,,,,,,,,,,,,,,,,,,,,,,,,,
,,,,,,,,,,,,,,,,,,,,,,,,,,,,,,,,,,
,CURRENT FLOOR: -,,,PLATIN,,,,,,,,,,,,,Effect Descriptions:,,,,,,,,,,,,,,,,,
,,,,,,,,,,,,,,,,,,,"[Allies] Grants Crit Rate Boost (always active)

[Enemies] Weakens enemies",,,,,,,"[Enemies] Increases Block Damage Reduction (always active)
Increases DMG Reduction by 30% upon successfully blocking

[Enemies] Strengthen enemies",,,,,,,,"- Heals HP equal to 25% of caster's MAXHP when HP falls to 75%, 50%, and 25% or lower (once per battle)
- Deals Fixed, Piercing DMG equal to 1000 upon successfully blocking 1 time
- Alters HP
"
,,,,,,,,,,,,,,,,,,,,,,,,,,,,,,,,,,
,,,,,,,,,,,,,,,,,,,,,,,,,,"[Platin] Changes number of targets for Skill 2
Changers numbers of targets for [Otherworldly Light] to 4 enemies
[Enemies] Strengthen enemies",,,,,,,,
,,,,,,,,PLATIN-T0,,,,,,,,,,,,,,,,,,,,,,,,,,
,,,,,,,,,,,,,,,,,,,"[Allies] Inflicts Block Rate Reduction (always active)

[Enemies] Weakens enemies",,,,,,,,,,,,,,,
,,,,,,,,,,,,,,,,,,,,,,,,,,"[Platin] Passive Fixed DMG increases
Fixed DMG becaomes 1500

[Enemies] Strengthen enemies",,,,,,,,
,,,,,,,,,,,,,,,,,,,,,,,,,,,,,,,,,,
,,,,,,,,,,,,,,,,,,,,,,,,,,,,,,,,,,
,,,,,,,,,,,,,,,,,,,,,,,,,,,,,,,,,,
,,,,,,,,,,,,,,,,,,,,,,,,,,,,,,,,,,"In order to prevent blocking, your units need to crit. This means your entire team, including your supports, need to have high enough, or 100% total Crit Rate. 

Make sure to inflict [Unable to Recover] before dropping his HP below each threshold of 75%, 50% and 25%. Heal after every HP Alteration.

Both Chloe and Catty can buff your party with [Crit Rate Boost] and inflict [Unable to Recover]. Catty is preferred because she can also inflict [Block Rate Reduction], reducing your party's Crit Rate requirement."
,,,,CHLOE-T0,,KARON-T0,,LINA-T0,,BISCUIT-T0,,PASCAL-T0,,,,,,CATTY-T0,,KARON-T0,,LINA-T0,,BISCUIT-T0,,SHANE-T0,,,,,,,,
,,,,,,,,,,,,,,,,,,,,,,,,,,,,,,,,,,
,,,,CHLOE-T0,,ALICE-T0,,LINA-T0,,BISCUIT-T0,,SHANE-T0,,,,,,CATTY-T0,,ALICE-T0,,LINA-T0,,BISCUIT-T0,,KYLE-T0,,,,,,,,
,,,,,,,,,,,,,,,,,,,,,,,,,,,,,,,,,,
,,,,CATTY-T0,,ALICE-T0,,LINA-T0,,BISCUIT-T0,,SHANE-T0,,,,,,CATTY-T0,,XIAO-T0,,LU BU-T0,,BISCUIT-T0,,BAI LONG-T0,,,,,,,,