,,,,,,,,,,,,,,,,,,,,,,,,,,,,,,,,,,,,,
,,,,,,RECOMMENDED BUILDS (MAGIC L HEROES),,,,,,,,,,,,,,,,,,,,,,,,,,,,,,,
,,,,,,,,,,,,,,,,,,,,,,,,,,,,,,,,,,,,,
,,,,,,LEGENDARY++,,,,,,,,LEGENDARY+,,,,,,,,LEGENDARY,,,,,,,,,COLLAB,,,,,,
,,,,,,,,,,,,,,,,,,,,,,,,,,,,,,,,,,,,,
,NEW,,,,,,,,,,,,,,,,,,,,,,,,,,,,,,,,,,,,
,,,,,,,,,,,,,,,,,,,,,,,,,,,,,,,,,,,,,
,,O'MOK,,,,,TRANSCENDENCE,,,,,,,,,,,,,,,SKILL ENHANCEMENT,,,,,,,,,,,,POTENTIALS,,,
,,,,,,,,,,,,,,,,,,,,,,,,,,,,,,,,,,Lv 30,-,,-
,,,,,,,,,,,,,,,,,,,,,,,,,,,,,,,,,,,,,
,,,,,,,,,ATK +12%,,ATK +6%,,HP +18%,,Crit Rate +18%,,ATK +12%,,ATK +6%,,,BASIC ATK,,SKILL 1 / BTM SKILL,,SKILL 2 / TOP SKILL,,PASSIVE,,AWAKENED SKILL,,,,,,,
,,,,,,,,,,,,,,,,,,,,,,,,,,,,,,,,,,,,,
,,,,,,,GEAR BUILDS,,,,,,,,,,,,,,,,,,,,,,,,,,,KEY USAGE,,,
,,,,,,,,,,,,,,,,,,,,,,,,,,,,,,,,,,,,,
,,,,,,,DMG-BASED V1 (MORE PVP),,,,,,,,,DMG-BASED V2 (MORE PVE),,,,,,,,,PVE SUPPORT,,,,,,,,,PVE,,PVP,
,,,,,,,,,,,,,Speed,,,,,,,,,Speed,,,,,,,,,Crit Rate,,,,,,
,,VIEW FULL SKILLSET,,,,,,,,,,,,,,,,,,,,,,,,,,,,,,,,,,,
,,LAST UPDATED:,,,19/05/26,,,,,,,,Crit Rate,,,,,,,,,Crit Rate,,,,,,,,,Weakness Hit,,,,,,
,,HERO PROPERTIES,,,,,,,,,,,,,,,,,,,,,,,,,,,,,,,,,,,
,,FALSE,FALSE,TRUE,TRUE,,,,,,,,Weakness Hit,,,,,,,,,Crit DMG,,,,,,,,,Crit DMG,,,,,,
,,NONE,EARLY,MIDGAME,END,,Crit Rate,,All ATK (%),,,,,,,Crit Rate,,All ATK (%),,,,,,,Crit Rate,,All ATK (%),,,,,,,,,,
,,,,,,,Weakness Hit,,-,,,,Crit DMG,,,Crit Rate,,-,,,,Weakness Hit,,,Weakness Hit,,-,,,,All ATK (%),,,,,,
,,EXCLUSIVE EQUIPMENT,,,,,,,,,,,,,,,,,,,,,,,,,,,,,,,,,,,
,,,,,,,,,,,,,All ATK (%),,,,,,,,,All ATK (%),,,,,,,,,Speed,,,,,,
,,,,,,,,,,,,,,,,,,,,,,,,,,,,,,,,,,,,,
,,,,,,,,,,,,,All ATK,,,,,,,,,All ATK,,,,,,,,,All ATK,,,,,,
,,,,,,,,,,,,,,,,,,,,,,,,,,,,,,,,,,,,,
,,,,,,,Crit Rate,,All ATK (%),,"Weakness Hit Chance +35%
Weakness Hit DMG +35%",,,,,Crit DMG,,All ATK (%),,"Crit Rate +35%
Ignore DEF +15%",,,,,Crit Rate,,All ATK (%),,"DMG Dealt +30%
Boss DMG +40%",,,,,,,,
,,,,,,,Weakness Hit,,-,,,,,,,Crit Rate,,-,,,,,,,Weakness Hit,,-,,,,,,,MATK Buffer (and also MDMG though random) and gives MAGIC allies very useful CC Immunity & DMG Immunity.,,,
,,,,,,,NOTES:,"Aim for high Crit Rate & Weakness Hit to maximise DMG output. Viable for both PVP and PVE. If used in PVE, can also use Assassin Set with the same priority on substats.",,,,,,,,NOTES,"Aim for High Crit Rate & Crit DMG to maximise DMG output. Due to more reliance on Crit, this is a build more adjusted for PVE. If used in PVP, aim for high Crit Rate & Weakness Hit instead.",,,,,,,,NOTES,"Primarily in Boss battles as a support due to her MATK Buff. While not used as a main DMG Dealer, she can still do chip damage.",,,,,,,,,,,
,,,,,,,,,,,,,,,,,,,,,,,,,,,,,,,,,,,,,
,,O'MOK-T0,,,,,BOUNTY-MWEAPON,,BOUNTY-ARMOR,,IMMORTAL,,BARRIERATK,,,ASSASSIN-MWEAPON,,ASSASSIN-ARMOR,,GUTS,,DMGCOMBI,,,AVENGER-MWEAPON,,AVENGER-ARMOR,,BOSSDMG,,CRIT,,,FARMING,INFINITE TOWER,ARENA,GUILD WAR
,,,,,,,,,,,REVIVE,,CC,,,,,,,45DMG,,CC,,,,,,,GUTS,,WEAKNESS,,,ADVENTURE BOTH,ADVENT-YH,REAL-TIME ARENA,TOTAL WAR
,,,,,,,,,,,,,,,,,,,,,,,,,,,,,,,,,,,,,
,LEGENDARY++,,,,,,,,,,,,,,,,,,,,,,,,,,,,,,,,,,,,
,,,,,,,,,,,,,,,,,,,,,,,,,,,,,,,,,,,,,
,,JURI,,,,,TRANSCENDENCE,,,,,,,,,,,,,,,SKILL ENHANCEMENT,,,,,,,,,,,,POTENTIALS,,,
,,,,,,,,,,,,,,,,,,,,,,,,,,,,,,,,,,Lv 30,-,,-
,,,,,,,,,,,,,,,,,,,,,,,,,,,,,,,,,,,,,
,,,,,,,,,ATK +12%,,ATK +6%,,HP +18%,,Crit Rate +18%,,ATK +12%,,ATK +6%,,,BASIC ATK,,SKILL 1 / BTM SKILL,,SKILL 2 / TOP SKILL,,PASSIVE,,AWAKENED SKILL,,,,,,,
,,,,,,,,,,,,,,,,,,,,,,,,,,,,,,,,,,,,,
,,,,,,,GEAR BUILDS,,,,,,,,,,,,,,,,,,,,,,,,,,,KEY USAGE,,,
,,,,,,,,,,,,,,,,,,,,,,,,,,,,,,,,,,,,,
,,,,,,,CC-BASED (HIGH SPEED),,,,,,,,,DEFENSIVE UTILITY,,,,,,,,,ADVENT EXPEDITION YEONHEE DPS,,,,,,,,,PVE,,PVP,
,,,,,,,,,,,,,Speed,,,,,,,,,Block Rate,,,,,,,,,Crit Rate,,,,,,
,,VIEW FULL SKILLSET,,,,,,,,,,,,,,,,,,,,,,,,,,,,,,,,,,,
,,LAST UPDATED:,,,19/05/26,,,,,,,,Crit Rate,,,,,,,,,Effect Hit,,,,,,,,,Crit DMG,,,,,,
,,HERO PROPERTIES,,,,,,,,,,,,,,,,,,,,,,,,,,,,,,,,,,,
,,TRUE,FALSE,FALSE,FALSE,,,,,,,,Weakness Hit,,,,,,,,,Effect Resistance,,,,,,,,,Weakness Hit,,,,,,
,,NONE,EARLY,MIDGAME,END,,Effect Hit,,DMG Taken Reduction,,,,,,,Effect Hit,,Block Rate,,,,,,,Crit Rate,,All ATK (%),,,,,,,,,,
,,,,,,,-,,Effect Resistance,,,,Crit DMG,,,-,,DMG Taken Reduction,,,,HP (%),,,Crit DMG,,-,,,,All ATK (%),,,,,,
,,EXCLUSIVE EQUIPMENT,,,,,,,,,,,,,,,,,,,,,,,,,,,,,,,,,,,
,,,,,,,,,,,,,All ATK (%),,,,,,,,,DEF (%),,,,,,,,,All ATK,,,,,,
,,,,,,,,,,,,,,,,,,,,,,,,,,,,,,,,,,,,,
,,,,,,,,,,,,,All ATK,,,,,,,,,Speed,,,,,,,,,Speed,,,,,,
,,,,,,,,,,,,,,,,,,,,,,,,,,,,,,,,,,,,,
,,,,,,,Effect Hit,,DMG Taken Reduction,,"Effect Hit Rate +35%
Effect Probability +10%",,,,,Effect Hit,,Block Rate,,"Effect Hit Rate +35%
Effect Probability +10%",,,,,Crit DMG,,All ATK (%),,"DMG Dealt +30%
Boss DMG +40%",,,,,,,,
,,,,,,,-,,Effect Resistance,,,,,,,-,,DMG Taken Reduction,,,,,,,Crit Rate,,-,,,,,,,Unique 3-TARGET Follow-up Attack and Souldeath debuff to prevent enemy revival. But has fallen off due to poor survivability.,,,
,,,,,,,NOTES:,CC accessories can proc during follow-up attacks. Spellweaver for increased Effect Probability. Can opt for more Defensive Main Stats if allies give Effect Hit.,,,,,,,,NOTES,Defensive utility support role against PVE bosses (i.e. NM adventure).,,,,,,,,NOTES,High Crit Rate and Crit DMG for big damage with Follow-up Attacks but those are chance-based.,,,,,,,,,,,
,,,,,,,,,,,,,,,,,,,,,,,,,,,,,,,,,,,,,
,,JURI-T0,,,,,SPELLWEAVE-MWEAPON,,SPELLWEAVE-ARMOR,,GUTS,,DEATH,,,SPELLWEAVE-MWEAPON,,SPELLWEAVE-ARMOR,,GUTS,,DEATH,,,AVENGER-PWEAPON,,AVENGER-ARMOR,,BOSSDMG,,DMG,,,ADVENTURE BOTH,ADVENT-YH,GUILD WAR,NONE
,,,,,,,,,,,REVIVE,,CC,,,,,,,REVIVE,,CC,,,,,,,13DMG,,CRIT,,,INFINITE TOWER,NONE,TOTAL WAR,NONE
,,,,,,,,,,,,,,,,,,,,,,,,,,,,,,,,,,,,,
,,,,,,,,,,,,,,,,,,,,,,,,,,,,,,,,,,,,,
,,MELIA,,,,,TRANSCENDENCE,,,,,,,,,,,,,,,SKILL ENHANCEMENT,,,,,,,,,,,,POTENTIALS,,,
,,,,,,,,,,,,,,,,,,,,,,,,,,,,,,,,,,-,Lv 30,,Lv 30
,,,,,,,,,,,,,,,,,,,,,,,,,,,,,,,,,,,,,
,,,,,,,,,ATK +12%,,ATK +6%,,HP +18%,,Effect Hit Rate +24%,,ATK +12%,,ATK +6%,,,BASIC ATK,,SKILL 1 / BTM SKILL,,SKILL 2 / TOP SKILL,,PASSIVE,,AWAKENED SKILL,,,,,,,
,,,,,,,,,,,,,,,,,,,,,,,,,,,,,,,,,,,,,
,,,,,,,GEAR BUILDS,,,,,,,,,,,,,,,,,,,,,,,,,,,KEY USAGE,,,
,,,,,,,,,,,,,,,,,,,,,,,,,,,,,,,,,,,,,
,,,,,,,MAGIC TEAM FRONTLINE TANK,,,,,,,,,,,,,,,,,,,,,,,,,,,PVE,,PVP,
,,,,,,,,,,,,,Speed,,,,,,,,,,,,,,,,,,,,,,,,
,,VIEW FULL SKILLSET,,,,,,,,,,,,,,,,,,,,,,,,,,,,,,,,,,,
,,LAST UPDATED:,,,19/05/26,,,,,,,,Block Rate,,,,,,,,,,,,,,,,,,,,,,,,
,,HERO PROPERTIES,,,,,,,,,,,,,,,,,,,,,,,,,,,,,,,,,,,
,,FALSE,TRUE,TRUE,TRUE,,,,,,,,Effect Hit,,,,,,,,,,,,,,,,,,,,,,,,
,,NONE,EARLY,MIDGAME,END,,Effect Hit,,DMG Taken Reduction,,,,,,,,,,,,,,,,,,,,,,,,,,,,
,,,,,,,DEF (%),,Block Rate,,,,Effect Resistance,,,,,,,,,,,,,,,,,,,,,,,,
,,EXCLUSIVE EQUIPMENT,,,,,,,,,,,,,,,,,,,,,,,,,,,,,,,,,,,
,,,,,,,,,,,,,DEF (%),,,,,,,,,,,,,,,,,,,,,,,,
,,,,,,,,,,,,,,,,,,,,,,,,,,,,,,,,,,,,,
,,,,,,,,,,,,,HP (%),,,,,,,,,,,,,,,,,,,,,,,,
,,,,,,,,,,,,,,,,,,,,,,,,,,,,,,,,,,,,,
,,,,,,,DEF (%),,DMG Taken Reduction,,"Block Rate +30%
Block DMG Reduction +15%",,,,,,,,,,,,,,,,,,,,,,,,,,
,,,,,,,Effect Hit,,Block Rate,,,,,,,,,,,,,,,,,,,,,,,,,Currently the only hero that passively applies Magic Vulnerability. Barrier provision in MAGIC-only teams help boost survivability (somewhat).,,,
,,,,,,,NOTES:,Some Effect Resistance to resist Death and CC. Some Effect Hit to inflict Crystals debuffs. Aim for high Block Rate with DMG Taken Reduction for the best results.,,,,,,,,,,,,,,,,,,,,,,,,,,,,,
,,,,,,,,,,,,,,,,,,,,,,,,,,,,,,,,,,,,,
,,MELIA-T0,,,,,GATEKEEP-MWEAPON,,GATEKEEP-ARMOR,,IMMORTAL,,DEATH,,,AVENGER-MWEAPON,,AVENGER-ARMOR,,BOSSDMG,,DMG,,,AVENGER-MWEAPON,,AVENGER-ARMOR,,BOSSDMG,,CRIT,,,ADVENT-GOD,INFINITE TOWER,ARENA,REAL-TIME ARENA
,,,,,,,,,,,GUTS,,BLOCK,,,,,,,CRIT,,DOT,,,,,,,GUTS,,WEAKNESS,,,ADVENT-YH,ADVENTURE BOTH,GUILD WAR,TOTAL WAR
,,,,,,,,,,,,,,,,,,,,,,,,,,,,,,,,,,,,,
,LEGENDARY+,,,,,,,,,,,,,,,,,,,,,,,,,,,,,,,,,,,,
,,,,,,,,,,,,,,,,,,,,,,,,,,,,,,,,,,,,,
,,FREYJA,,,,,TRANSCENDENCE,,,,,,,,,,,,,,,SKILL ENHANCEMENT,,,,,,,,,,,,POTENTIALS,,,
,,,,,,,,,,,,,,,,,,,,,,,,,,,,,,,,,,Lv 30,-,,-
,,,,,,,,,,,,,,,,,,,,,,,,,,,,,,,,,,,,,
,,,,,,,,,ATK +12%,,ATK +6%,,HP +18%,,Crit Rate +18%,,ATK +12%,,ATK +6%,,,BASIC ATK,,SKILL 1 / BTM SKILL,,SKILL 2 / TOP SKILL,,PASSIVE,,AWAKENED SKILL,,,,,,,
,,,,,,,,,,,,,,,,,,,,,,,,,,,,,,,,,,,,,
,,,,,,,GEAR BUILDS,,,,,,,,,,,,,,,,,,,,,,,,,,,KEY USAGE,,,
,,,,,,,,,,,,,,,,,,,,,,,,,,,,,,,,,,,,,
,,,,,,,WEAKNESS-FOCUSED (PVP),,,,,,,,,WEAKNESS & CRIT MAXIMIZER V1 (PVE),,,,,,,,,WEAKNESS & CRIT MAXIMIZERV V2 (PVE),,,,,,,,,PVE,,PVP,
,,,,,,,,,,,,,Speed,,,,,,,,,Crit Rate,,,,,,,,,Crit Rate,,,,,,
,,VIEW FULL SKILLSET,,,,,,,,,,,,,,,,,,,,,,,,,,,,,,,,,,,
,,LAST UPDATED:,,,19/05/26,,,,,,,,Crit Rate,,,,,,,,,Weakness Hit,,,,,,,,,Crit DMG,,,,,,
,,HERO PROPERTIES,,,,,,,,,,,,,,,,,,,,,,,,,,,,,,,,,,,
,,FALSE,TRUE,TRUE,TRUE,,,,,,,,Crit DMG,,,,,,,,,Crit DMG,,,,,,,,,Weakness Hit,,,,,,
,,NONE,EARLY,MIDGAME,END,,Crit Rate,,All ATK (%),,,,,,,Crit Rate,,All ATK (%),,,,,,,Crit Rate,,All ATK (%),,,,,,,,,,
,,,,,,,Crit DMG,,-,,,,Weakness Hit,,,Crit DMG,,-,,,,All ATK (%),,,Crit DMG,,-,,,,All ATK (%),,,,,,
,,EXCLUSIVE EQUIPMENT,,,,,,,,,,,,,,,,,,,,,,,,,,,,,,,,,,,
,,,,,,,,,,,,,All ATK (%),,,,,,,,,Effect Hit,,,,,,,,,Effect Hit,,,,,,
,,,,,,,,,,,,,,,,,,,,,,,,,,,,,,,,,,,,,
,,,,,,,,,,,,,Effect Hit,,,,,,,,,All ATK,,,,,,,,,All ATK,,,,,,
,,,,,,,,,,,,,,,,,,,,,,,,,,,,,,,,,,,,,
,,,,,,,Crit Rate,,All ATK (%),,"Weakness Hit Chance +35%
Weakness Hit DMG +35%",,,,,Crit Rate,,All ATK (%),,"Weakness Hit Chance +35%
Weakness Hit DMG +35%",,,,,Crit Rate,,All ATK (%),,"Crit Rate +35%
Ignore DEF +15%",,,,,,,,
,,,,,,,Weakness Hit,,-,,,,,,,Crit DMG,,-,,,,,,,Crit DMG,,-,,,,,,,Huge HP Alteration that makes it a convenient field wipe no matter the situation or type of enemy (given she has sufficient Crit Rate & Weakness Hit). Buff Removal with Chain Attack adds to that.,,,
,,,,,,,NOTES:,"As Crit may be resisted by Block, Weakness Hit gives her more consistent damage so that her S2 can nuke right after the HP alteration.",,,,,,,,NOTES:,"Aim for high Crit Rate & Weakness Hit, both near 100%. Having some Crit DMG will ensure more consistent 1-Shotting of the mobs with her S2.",,,,,,,,NOTES:,"Aim for high Crit Rate & Weakness Hit, both near 100%. Having some Crit DMG will ensure more consistent 1-Shotting of the mobs with her S2.",,,,,,,,,,,
,,,,,,,,,,,,,,,,,,,,,,,,,,,,,,,,,,,,,
,,FREYJA-T0,,,,,BOUNTY-MWEAPON,,BOUNTY-ARMOR,,IMMORTAL,,REVIVE,,,BOUNTY-MWEAPON,,BOUNTY-ARMOR,,IMMORTAL,,CRIT,,,ASSASSIN-MWEAPON,,ASSASSIN-ARMOR,,IMMORTAL,,CRIT,,,FARMING,INFINITE TOWER,ARENA,REAL-TIME ARENA
,,,,,,,,,,,GUTS,,BARRIERATK,,,,,,,45DMG,,WEAKNESS,,,,,,,45DMG,,WEAKNESS,,,ADVENTURE BOTH,PUDUNGEON-DARK,GUILD WAR,TOTAL WAR
,,,,,,,,,,,,,,,,,,,,,,,,,,,,,,,,,,,,,
,,,,,,,,,,,,,,,,,,,,,,,,,,,,,,,,,,,,,
,,KYRIELLE,,,,,TRANSCENDENCE,,,,,,,,,,,,,,,SKILL ENHANCEMENT,,,,,,,,,,,,POTENTIALS,,,
,,,,,,,,,,,,,,,,,,,,,,,,,,,,,,,,,,Lv 30,-,,-
,,,,,,,,,,,,,,,,,,,,,,,,,,,,,,,,,,,,,
,,,,,,,,,ATK +12%,,ATK +6%,,HP +18%,,Crit Rate +18%,,ATK +12%,,ATK +6%,,,BASIC ATK,,SKILL 1 / BTM SKILL,,SKILL 2 / TOP SKILL,,PASSIVE,,AWAKENED SKILL,,,,,,,
,,,,,,,,,,,,,,,,,,,,,,,,,,,,,,,,,,,,,
,,,,,,,GEAR BUILDS,,,,,,,,,,,,,,,,,,,,,,,,,,,KEY USAGE,,,
,,,,,,,,,,,,,,,,,,,,,,,,,,,,,,,,,,,,,
,,,,,,,WEAKNESS-FOCUSED,,,,,,,,,PARALYSIS-FOCUSED,,,,,,,,,,,,,,,,,,PVE,,PVP,
,,,,,,,,,,,,,Speed,,,,,,,,,Speed,,,,,,,,,,,,,,,
,,VIEW FULL SKILLSET,,,,,,,,,,,,,,,,,,,,,,,,,,,,,,,,,,,
,,LAST UPDATED:,,,19/05/26,,,,,,,,Crit Rate,,,,,,,,,Effect Hit,,,,,,,,,,,,,,,
,,HERO PROPERTIES,,,,,,,,,,,,,,,,,,,,,,,,,,,,,,,,,,,
,,FALSE,TRUE,TRUE,FALSE,,,,,,,,Weakness Hit,,,,,,,,,Weakness Hit,,,,,,,,,,,,,,,
,,NONE,EARLY,MIDGAME,END,,Crit Rate,,All ATK (%),,,,,,,Effect Hit,,All ATK (%),,,,,,,,,,,,,,,,,,,
,,,,,,,Weakness Hit,,-,,,,Crit DMG,,,Weakness Hit,,-,,,,Crit Rate,,,,,,,,,,,,,,,
,,EXCLUSIVE EQUIPMENT,,,,,,,,,,,,,,,,,,,,,,,,,,,,,,,,,,,
,,,,,,,,,,,,,Effect Hit,,,,,,,,,Crit DMG,,,,,,,,,,,,,,,
,,,,,,,,,,,,,,,,,,,,,,,,,,,,,,,,,,,,,
,,,,,,,,,,,,,All ATK (%),,,,,,,,,All ATK (%),,,,,,,,,,,,,,,
,,,,,,,,,,,,,,,,,,,,,,,,,,,,,,,,,,,,,
,,,,,,,Weakness Hit,,All ATK (%),,"Weakness Hit Chance +35%
Weakness Hit DMG +35%",,,,,Effect Hit,,All ATK (%),,"Effect Hit Rate +35%
Effect Probability +10%",,,,,,,,,,,,,,,,,
,,,,,,,Crit Rate,,-,,,,,,,Weakness Hit,,-,,,,,,,,,,,,,,,,"Provides MDMG Boost and inflicts AOE Paralysis. Unique SPD-Based ATK Boost passive, but having high SPD on her (or any hero) is often an opportunity cost (i.e. miss out on other offensive substats).",,,
,,,,,,,NOTES:,"Has SPD-Based ATK Boost (up to 1320 with 77 Speed). Sufficient Weakness Hit Chance also needed to help her target lower HP enemies, enabling her Chain Attack.",,,,,,,,NOTES:,"This build makes her take on the debuffer role where to land Paralysis on enemies, so that their Block Rate becomes 0% and allies can then nuke much easier.",,,,,,,,,,,,,,,,,,,,
,,,,,,,,,,,,,,,,,,,,,,,,,,,,,,,,,,,,,
,,KYRIELLE-T0,,,,,BOUNTY-MWEAPON,,BOUNTY-ARMOR,,REVIVE,,BARRIERATK,,,SPELLWEAVE-MWEAPON,,SPELLWEAVE-ARMOR,,IMMORTAL,,REVIVE,,,,,,,,,,,,INFINITE TOWER,ADVENT-GOD,ARENA,GUILD WAR
,,,,,,,,,,,IMMORTAL,,EFFECTHIT,,,,,,,GUTS,,BARRIERATK,,,,,,,,,,,,ADVENTURE BOTH,ADVENT-TEO,TOTAL WAR,REAL-TIME ARENA
,,,,,,,,,,,,,,,,,,,,,,,,,,,,,,,,,,,,,
,,,,,,,,,,,,,,,,,,,,,,,,,,,,,,,,,,,,,
,,NEZHA,,,,,TRANSCENDENCE,,,,,,,,,,,,,,,SKILL ENHANCEMENT,,,,,,,,,,,,POTENTIALS,,,
,,,,,,,,,,,,,,,,,,,,,,,,,,,,,,,,,,Lv 30,-,,-
,,,,,,,,,,,,,,,,,,,,,,,,,,,,,,,,,,,,,
,,,,,,,,,ATK +12%,,ATK +6%,,HP +18%,,Crit Rate +18%,,ATK +12%,,ATK +6%,,,BASIC ATK,,SKILL 1 / BTM SKILL,,SKILL 2 / TOP SKILL,,PASSIVE,,AWAKENED SKILL,,,,,,,
,,,,,,,,,,,,,,,,,,,,,,,,,,,,,,,,,,,,,
,,,,,,,GEAR BUILDS,,,,,,,,,,,,,,,,,,,,,,,,,,,KEY USAGE,,,
,,,,,,,,,,,,,,,,,,,,,,,,,,,,,,,,,,,,,
,,,,,,,PVE BOSS DAMAGE DEALER,,,,,,,,,GUILD WAR,,,,,,,,,,,,,,,,,,PVE,,PVP,
,,,,,,,,,,,,,Crit DMG,,,,,,,,,Speed,,,,,,,,,,,,,,,
,,VIEW FULL SKILLSET,,,,,,,,,,,,,,,,,,,,,,,,,,,,,,,,,,,
,,LAST UPDATED:,,,19/05/26,,,,,,,,Weakness Hit,,,,,,,,,Crit Rate,,,,,,,,,,,,,,,
,,HERO PROPERTIES,,,,,,,,,,,,,,,,,,,,,,,,,,,,,,,,,,,
,,FALSE,TRUE,TRUE,TRUE,,,,,,,,Crit Rate,,,,,,,,,Weakness Hit,,,,,,,,,,,,,,,
,,NONE,EARLY,MIDGAME,END,,Crit DMG,,All ATK (%),,,,,,,Crit DMG,,All ATK (%),,,,,,,,,,,,,,,,,,,
,,,,,,,-,,-,,,,All ATK (%),,,-,,-,,,,Crit DMG,,,,,,,,,,,,,,,
,,EXCLUSIVE EQUIPMENT,,,,,,,,,,,,,,,,,,,,,,,,,,,,,,,,,,,
,,,,,,,,,,,,,All ATK,,,,,,,,,All ATK (%),,,,,,,,,,,,,,,
,,,,,,,,,,,,,,,,,,,,,,,,,,,,,,,,,,,,,
,,,,,,,,,,,,,Speed,,,,,,,,,All ATK,,,,,,,,,,,,,,,
,,,,,,,,,,,,,,,,,,,,,,,,,,,,,,,,,,,,,
,,,,,,,Crit DMG,,All ATK (%),,"DMG Dealt +30%
Boss DMG +40%",,,,,Crit DMG,,All ATK (%),,"Weakness Hit Chance +35%
Weakness Hit DMG +35%",,,,,,,,,,,,,,,,,
,,,,,,,Weakness Hit,,-,,,,,,,Weakness Hit,,-,,,,,,,,,,,,,,,,"Powerful 3-TARGET damage dealer with decent support for team survivability with barrier provision. While already strong at T0, building her to T6 greatly allows faster runs and better scores.",,,
,,,,,,,NOTES:,"Has passive Crit Rate Boost (33%) & at T4 (18%), requiring just 51% Crit Rate from gears and allies that provide Active Crit Rate Boost. More focus on building Crit DMG and Weakness Hit Chance.",,,,,,,,NOTES:,"With a powerful 3-Target Skill, capitalize on getting her Crit Rate & Weakness Hit multipliers high to be able to deal with even Tank teams.",,,,,,,,,,,,,,,,,,,,
,,,,,,,,,,,,,,,,,,,,,,,,,,,,,,,,,,,,,
,,NEZHA-T0,,,,,AVENGER-MWEAPON,,AVENGER-ARMOR,,BOSSDMG,,CRIT,,,BOUNTY-MWEAPON,,BOUNTY-ARMOR,,IMMORTAL,,13DMG,,,,,,,,,,,,CR-123,TOWER OF TRIALS,GUILD WAR,NONE
,,,,,,,,,,,13DMG,,WEAKNESS,,,,,,,GUTS,,CC,,,,,,,,,,,,ADVENT-YH,NONE,NONE,NONE
,,,,,,,,,,,,,,,,,,,,,,,,,,,,,,,,,,,,,
,,,,,,,,,,,,,,,,,,,,,,,,,,,,,,,,,,,,,
,,MERCURE,,,,,TRANSCENDENCE,,,,,,,,,,,,,,,SKILL ENHANCEMENT,,,,,,,,,,,,POTENTIALS,,,
,,,,,,,,,,,,,,,,,,,,,,,,,,,,,,,,,,Lv 30,-,,-
,,,,,,,,,,,,,,,,,,,,,,,,,,,,,,,,,,,,,
,,,,,,,,,ATK +12%,,ATK +6%,,HP +18%,,Effect Hit Rate +24%,,ATK +12%,,ATK +6%,,,BASIC ATK,,SKILL 1 / BTM SKILL,,SKILL 2 / TOP SKILL,,PASSIVE,,AWAKENED SKILL,,,,,,,
,,,,,,,,,,,,,,,,,,,,,,,,,,,,,,,,,,,,,
,,,,,,,GEAR BUILDS,,,,,,,,,,,,,,,,,,,,,,,,,,,KEY USAGE,,,
,,,,,,,,,,,,,,,,,,,,,,,,,,,,,,,,,,,,,
,,,,,,,MAGIC REFLUX DMG-FOCUSED,,,,,,,,,MAGIC REFLUX ACCURACY-FOCUSED,,,,,,,,,,,,,,,,,,PVE,,PVP,
,,,,,,,,,,,,,Speed,,,,,,,,,Speed,,,,,,,,,,,,,,,
,,VIEW FULL SKILLSET,,,,,,,,,,,,,,,,,,,,,,,,,,,,,,,,,,,
,,LAST UPDATED:,,,19/05/26,,,,,,,,Effect Hit,,,,,,,,,Effect Hit,,,,,,,,,,,,,,,
,,HERO PROPERTIES,,,,,,,,,,,,,,,,,,,,,,,,,,,,,,,,,,,
,,FALSE,TRUE,TRUE,TRUE,,,,,,,,All ATK (%),,,,,,,,,All ATK (%),,,,,,,,,,,,,,,
,,NONE,EARLY,MIDGAME,END,,All ATK (%),,All ATK (%),,,,,,,All ATK (%),,All ATK (%),,,,,,,,,,,,,,,,,,,
,,,,,,,Effect Hit,,-,,,,Effect Resistance,,,Effect Hit,,-,,,,Effect Resistance,,,,,,,,,,,,,,,
,,EXCLUSIVE EQUIPMENT,,,,,,,,,,,,,,,,,,,,,,,,,,,,,,,,,,,
,,,,,,,,,,,,,All ATK,,,,,,,,,All ATK,,,,,,,,,,,,,,,
,,,,,,,,,,,,,,,,,,,,,,,,,,,,,,,,,,,,,
,,,,,,,,,,,,,-,,,,,,,,,-,,,,,,,,,,,,,,,
,,,,,,,,,,,,,,,,,,,,,,,,,,,,,,,,,,,,,
,,,,,,,Effect Hit,,All ATK (%),,"All ATK +45%
Effect Hit Rate +20%",,,,,Effect Hit,,All ATK (%),,"Effect Hit Rate +35%
Effect Probability +10%",,,,,,,,,,,,,,,,,
,,,,,,,All ATK (%),,-,,,,,,,All ATK (%),,-,,,,,,,,,,,,,,,,"Unique Magic Reflux debuff to help chip away HP of enemies, particularly useful against enemies with high HP in Nightmare Adventure, Infinite Tower and Tank teams in PVP.",,,
,,,,,,,NOTES:,Magic Reflux DMG scales with ATK. Reliant on Blessing to tank DMG instead of defensive stats .,,,,,,,,NOTES:,Spellweaver Effect Probability for increased Stun and Magic Reflux chances.,,,,,,,,,,,,,,,,,,,,
,,,,,,,,,,,,,,,,,,,,,,,,,,,,,,,,,,,,,
,,MERCURE-T0,,,,,VAN-MWEAPON,,VAN-ARMOR,,IMMORTAL,,REVIVE,,,SPELLWEAVE-MWEAPON,,SPELLWEAVE-ARMOR,,IMMORTAL,,REVIVE,,,,,,,,,,,,ADVENTURE BOTH,NONE,ARENA,REAL-TIME ARENA
,,,,,,,,,,,GUTS,,BARRIERATK,,,,,,,GUTS,,BARRIERATK,,,,,,,,,,,,INFINITE TOWER,NONE,ADVANCED ARENA,TOTAL WAR
,,,,,,,,,,,,,,,,,,,,,,,,,,,,,,,,,,,,,
,,,,,,,,,,,,,,,,,,,,,,,,,,,,,,,,,,,,,
,,REGINLEIF,,,,,TRANSCENDENCE,,,,,,,,,,,,,,,SKILL ENHANCEMENT,,,,,,,,,,,,POTENTIALS,,,
,,,,,,,,,,,,,,,,,,,,,,,,,,,,,,,,,,Lv 30,-,,-
,,,,,,,,,,,,,,,,,,,,,,,,,,,,,,,,,,,,,
,,,,,,,,,ATK +12%,,ATK +6%,,HP +18%,,Weakness Hit Chance +20%,,ATK +12%,,ATK +6%,,,BASIC ATK,,SKILL 1 / BTM SKILL,,SKILL 2 / TOP SKILL,,PASSIVE,,AWAKENED SKILL,,,,,,,
,,,,,,,,,,,,,,,,,,,,,,,,,,,,,,,,,,,,,
,,,,,,,GEAR BUILDS,,,,,,,,,,,,,,,,,,,,,,,,,,,KEY USAGE,,,
,,,,,,,,,,,,,,,,,,,,,,,,,,,,,,,,,,,,,
,,,,,,,WEAKNESS & CRITDMG-FOCUSED (T6),,,,,,,,,SUPPORT-FOCUSED,,,,,,,,,,,,,,,,,,PVE,,PVP,
,,,,,,,,,,,,,Speed,,,,,,,,,Speed,,,,,,,,,,,,,,,
,,VIEW FULL SKILLSET,,,,,,,,,,,,,,,,,,,,,,,,,,,,,,,,,,,
,,LAST UPDATED:,,,19/05/26,,,,,,,,Crit DMG,,,,,,,,,Weakness Hit,,,,,,,,,,,,,,,
,,HERO PROPERTIES,,,,,,,,,,,,,,,,,,,,,,,,,,,,,,,,,,,
,,FALSE,TRUE,TRUE,TRUE,,,,,,,,Weakness Hit,,,,,,,,,Effect Resistance,,,,,,,,,,,,,,,
,,NONE,EARLY,MIDGAME,END,,Weakness Hit,,All ATK (%),,,,,,,Effect Hit,,DMG Taken Reduction,,,,,,,,,,,,,,,,,,,
,,,,,,,Crit DMG,,-,,,,Effect Resistance,,,-,,All ATK (%),,,,Effect Hit,,,,,,,,,,,,,,,
,,EXCLUSIVE EQUIPMENT,,,,,,,,,,,,,,,,,,,,,,,,,,,,,,,,,,,
,,,,,,,,,,,,,All ATK (%),,,,,,,,,Crit DMG,,,,,,,,,,,,,,,
,,,,,,,,,,,,,,,,,,,,,,,,,,,,,,,,,,,,,
,,,,,,,,,,,,,Effect Hit,,,,,,,,,All ATK (%),,,,,,,,,,,,,,,
,,,,,,,,,,,,,,,,,,,,,,,,,,,,,,,,,,,,,
,,,,,,,Crit DMG,,All ATK (%),,"Weakness Hit Chance +35%
Weakness Hit DMG +35%",,,,,Effect Hit,,DMG Taken Reduction,,"Effect Resist Rate +35%
Starts Battle with 1 turn CC Immunity",,,,,,,,,,,,,,,,,
,,,,,,,Weakness Hit,,-,,,,,,,-,,All ATK (%),,,,,,,,,,,,,,,,Her Magic Vulnerability Stacks stack with other versions. AOE Paralysis and Guaranteed Crit (T6) allows her to be a great AOE DMG Dealer. Provides more surivability to MAGIC teams with heals and cleanse.,,,
,,,,,,,NOTES:,"Effect Resist helps keep her Immortality on against Buff Removals and Buff Duration Reductions. T6 grants 100% Crit Rate to her skills, so prioritize building for Weakness Hit Chance and Crit DMG.",,,,,,,,NOTES:,"If non-T6, can also have substats in Crit Rate but less recommended.",,,,,,,,,,,,,,,,,,,,
,,,,,,,,,,,,,,,,,,,,,,,,,,,,,,,,,,,,,
,,REGINLEIF-T0,,,,,BOUNTY-MWEAPON,,BOUNTY-ARMOR,,GUTS,,BARRIERATK,,,ORCHES-MWEAPON,,ORCHES-ARMOR,,GUTS,,BARRIERATK,,,,,,,,,,,,ADVENTURE BOTH,INFINITE TOWER,ARENA,REAL-TIME ARENA
,,,,,,,,,,,REVIVE,,EFFECTHIT,,,,,,,REVIVE,,EFFECTHIT,,,,,,,,,,,,FARMING,ADVENT-GOD,GUILD WAR,TOTAL WAR
,,,,,,,,,,,,,,,,,,,,,,,,,,,,,,,,,,,,,
,,,,,,,,,,,,,,,,,,,,,,,,,,,,,,,,,,,,,
,,RIN,,,,,TRANSCENDENCE,,,,,,,,,,,,,,,SKILL ENHANCEMENT,,,,,,,,,,,,POTENTIALS,,,
,,,,,,,,,,,,,,,,,,,,,,,,,,,,,,,,,,Lv 30,-,,-
,,,,,,,,,,,,,,,,,,,,,,,,,,,,,,,,,,,,,
,,,,,,,,,ATK +12%,,ATK +6%,,HP +18%,,Weakness Hit Chance +20%,,ATK +12%,,ATK +6%,,,BASIC ATK,,SKILL 1 / BTM SKILL,,SKILL 2 / TOP SKILL,,PASSIVE,,AWAKENED SKILL,,,,,,,
,,,,,,,,,,,,,,,,,,,,,,,,,,,,,,,,,,,,,
,,,,,,,GEAR BUILDS,,,,,,,,,,,,,,,,,,,,,,,,,,,KEY USAGE,,,
,,,,,,,,,,,,,,,,,,,,,,,,,,,,,,,,,,,,,
,,,,,,,WEAKNESS-FOCUSED,,,,,,,,,,,,,,,,,,,,,,,,,,,PVE,,PVP,
,,,,,,,,,,,,,Speed,,,,,,,,,,,,,,,,,,,,,,,,
,,VIEW FULL SKILLSET,,,,,,,,,,,,,,,,,,,,,,,,,,,,,,,,,,,
,,LAST UPDATED:,,,19/05/26,,,,,,,,Weakness Hit,,,,,,,,,,,,,,,,,,,,,,,,
,,HERO PROPERTIES,,,,,,,,,,,,,,,,,,,,,,,,,,,,,,,,,,,
,,FALSE,TRUE,TRUE,TRUE,,,,,,,,Crit Rate,,,,,,,,,,,,,,,,,,,,,,,,
,,NONE,EARLY,MIDGAME,END,,Crit Rate,,All ATK (%),,,,,,,,,,,,,,,,,,,,,,,,,,,,
,,,,,,,Crit DMG,,-,,,,Crit DMG,,,,,,,,,,,,,,,,,,,,,,,,
,,EXCLUSIVE EQUIPMENT,,,,,,,,,,,,,,,,,,,,,,,,,,,,,,,,,,,
,,,,,,,,,,,,,Effect Hit,,,,,,,,,,,,,,,,,,,,,,,,
,,,,,,,,,,,,,,,,,,,,,,,,,,,,,,,,,,,,,
,,,,,,,,,,,,,All ATK (%),,,,,,,,,,,,,,,,,,,,,,,,
,,,,,,,,,,,,,,,,,,,,,,,,,,,,,,,,,,,,,
,,,,,,,Crit Rate,,All ATK (%),,"Weakness Hit Chance +35%
Weakness Hit DMG +35%",,,,,,,,,,,,,,,,,,,,,,,,,,
,,,,,,,Weakness Hit,,-,,,,,,,,,,,,,,,,,,,,,,,,,"Reduces Weakness Hit chance of enemies and has a unique Confusion debuff that causes enemies to miss Crits and effects, allowing her to protect her allies.",,,
,,,,,,,NOTES:,One of her skills deal extra DMG if it lands as a weakness hit so high weakness hit chance is highly desirable,,,,,,,,,,,,,,,,,,,,,,,,,,,,,
,,,,,,,,,,,,,,,,,,,,,,,,,,,,,,,,,,,,,
,,RIN-T0,,,,,BOUNTY-MWEAPON,,BOUNTY-ARMOR,,IMMORTAL,,BARRIERATK,,,SPELLWEAVE-MWEAPON,,SPELLWEAVE-ARMOR,,IMMORTAL,,REVIVE,,,,,,,,,,,,INFINITE TOWER,NONE,ARENA,REAL-TIME ARENA
,,,,,,,,,,,GUTS,,EFFECTHIT,,,,,,,GUTS,,BARRIERATK,,,,,,,,,,,,ADVENTURE BOTH,NONE,GUILD WAR,TOTAL WAR
,,,,,,,,,,,,,,,,,,,,,,,,,,,,,,,,,,,,,
,,,,,,,,,,,,,,,,,,,,,,,,,,,,,,,,,,,,,
,,SILVESTA,,,,,TRANSCENDENCE,,,,,,,,,,,,,,,SKILL ENHANCEMENT,,,,,,,,,,,,POTENTIALS,,,
,,,,,,,,,,,,,,,,,,,,,,,,,,,,,,,,,,Lv 30,-,,-
,,,,,,,,,,,,,,,,,,,,,,,,,,,,,,,,,,,,,
,,,,,,,,,ATK +12%,,ATK +6%,,HP +18%,,Crit Rate +18%,,ATK +12%,,ATK +6%,,,BASIC ATK,,SKILL 1 / BTM SKILL,,SKILL 2 / TOP SKILL,,PASSIVE,,AWAKENED SKILL,,,,,,,
,,,,,,,,,,,,,,,,,,,,,,,,,,,,,,,,,,,,,
,,,,,,,GEAR BUILDS,,,,,,,,,,,,,,,,,,,,,,,,,,,KEY USAGE,,,
,,,,,,,,,,,,,,,,,,,,,,,,,,,,,,,,,,,,,
,,,,,,,CRIT-BASED,,,,,,,,,WEAKNESS-BASED,,,,,,,,,,,,,,,,,,PVE,,PVP,
,,,,,,,,,,,,,Speed,,,,,,,,,Speed,,,,,,,,,,,,,,,
,,VIEW FULL SKILLSET,,,,,,,,,,,,,,,,,,,,,,,,,,,,,,,,,,,
,,LAST UPDATED:,,,19/05/26,,,,,,,,Crit Rate,,,,,,,,,Weakness Hit,,,,,,,,,,,,,,,
,,HERO PROPERTIES,,,,,,,,,,,,,,,,,,,,,,,,,,,,,,,,,,,
,,TRUE,FALSE,FALSE,FALSE,,,,,,,,Weakness Hit,,,,,,,,,Crit Rate,,,,,,,,,,,,,,,
,,NONE,EARLY,MIDGAME,END,,Crit DMG,,All ATK (%),,,,,,,Crit Rate,,All ATK (%),,,,,,,,,,,,,,,,,,,
,,,,,,,Crit Rate,,-,,,,Crit DMG,,,Crit DMG,,-,,,,Crit DMG,,,,,,,,,,,,,,,
,,EXCLUSIVE EQUIPMENT,,,,,,,,,,,,,,,,,,,,,,,,,,,,,,,,,,,
,,,,,,,,,,,,,All ATK (%),,,,,,,,,All ATK (%),,,,,,,,,,,,,,,
,,,,,,,,,,,,,,,,,,,,,,,,,,,,,,,,,,,,,
,,,,,,,,,,,,,All ATK,,,,,,,,,All ATK,,,,,,,,,,,,,,,
,,,,,,,,,,,,,,,,,,,,,,,,,,,,,,,,,,,,,
,,,,,,,Crit Rate,,All ATK (%),,"Crit Rate +35%
Ignore DEF +15%",,,,,Crit Rate,,All ATK (%),,"Weakness Hit Chance +35%
Weakness Hit DMG +35%",,,,,,,,,,,,,,,,,
,,,,,,,Crit DMG,,-,,,,,,,Crit DMG,,-,,,,,,,,,,,,,,,,Awakening soon into greatness.,,,
,,,,,,,NOTES:,Primarily a PVP hero so aim to have high Crit Rate & Weakness Hit so as to kill better to activate his Chain Attack.,,,,,,,,NOTES:,Primarily a PVP hero so aim to have high Crit Rate & Weakness Hit so as to kill better to activate his Chain Attack.,,,,,,,,,,,,,,,,,,,,
,,,,,,,,,,,,,,,,,,,,,,,,,,,,,,,,,,,,,
,,SILVESTA-T0,,,,,ASSASSIN-MWEAPON,,ASSASSIN-ARMOR,,IMMORTAL,,BARRIERATK,,,BOUNTY-MWEAPON,,BOUNTY-ARMOR,,IMMORTAL,,BARRIERATK,,,,,,,,,,,,INFINITE TOWER,NONE,TOTAL WAR,NONE
,,,,,,,,,,,REVIVE,,CC,,,,,,,REVIVE,,CC,,,,,,,,,,,,ADVENTURE BOTH,NONE,NONE,NONE
,,,,,,,,,,,,,,,,,,,,,,,,,,,,,,,,,,,,,
,,,,,,,,,,,,,,,,,,,,,,,,,,,,,,,,,,,,,
,,VANESSA,,,,,TRANSCENDENCE,,,,,,,,,,,,,,,SKILL ENHANCEMENT,,,,,,,,,,,,POTENTIALS,,,
,,,,,,,,,,,,,,,,,,,,,,,,,,,,,,,,,,-,Lv 30,,Lv 30
,,,,,,,,,,,,,,,,,,,,,,,,,,,,,,,,,,,,,
,,,,,,,,,ATK +12%,,ATK +6%,,HP +18%,,Effect Hit Rate +24%,,ATK +12%,,ATK +6%,,,BASIC ATK,,SKILL 1 / BTM SKILL,,SKILL 2 / TOP SKILL,,PASSIVE,,AWAKENED SKILL,,,,,,,
,,,,,,,,,,,,,,,,,,,,,,,,,,,,,,,,,,,,,
,,,,,,,GEAR BUILDS,,,,,,,,,,,,,,,,,,,,,,,,,,,KEY USAGE,,,
,,,,,,,,,,,,,,,,,,,,,,,,,,,,,,,,,,,,,
,,,,,,,CC-BASED (HIGH SPEED),,,,,,,,,DEFENSIVE UTILITY,,,,,,,,,,,,,,,,,,PVE,,PVP,
,,,,,,,,,,,,,Speed,,,,,,,,,Block Rate,,,,,,,,,,,,,,,
,,VIEW FULL SKILLSET,,,,,,,,,,,,,,,,,,,,,,,,,,,,,,,,,,,
,,LAST UPDATED:,,,19/05/26,,,,,,,,Effect Hit,,,,,,,,,Effect Hit,,,,,,,,,,,,,,,
,,HERO PROPERTIES,,,,,,,,,,,,,,,,,,,,,,,,,,,,,,,,,,,
,,FALSE,TRUE,TRUE,TRUE,,,,,,,,Block Rate,,,,,,,,,Effect Resistance,,,,,,,,,,,,,,,
,,NONE,EARLY,MIDGAME,END,,Effect Hit,,Block Rate,,,,,,,Effect Hit,,Block Rate,,,,,,,,,,,,,,,,,,,
,,,,,,,-,,DMG Taken Reduction,,,,Effect Resistance,,,-,,DMG Taken Reduction,,,,HP (%),,,,,,,,,,,,,,,
,,EXCLUSIVE EQUIPMENT,,,,,,,,,,,,,,,,,,,,,,,,,,,,,,,,,,,
,,,,,,,,,,,,,HP (%),,,,,,,,,DEF (%),,,,,,,,,,,,,,,
,,,,,,,,,,,,,,,,,,,,,,,,,,,,,,,,,,,,,
,,,,,,,,,,,,,DEF (%),,,,,,,,,All ATK (%),,,,,,,,,,,,,,,
,,,,,,,,,,,,,,,,,,,,,,,,,,,,,,,,,,,,,
,,,,,,,Effect Hit,,Block Rate,,"Effect Hit Rate +35%
Effect Probability +10%",,,,,Effect Hit,,Block Rate,,"Block Rate +30%
Block DMG Reduction +15%",,,,,,,,,,,,,,,,,
,,,,,,,-,,DMG Taken Reduction,,,,,,,-,,DMG Taken Reduction,,,,,,,,,,,,,,,,"High utility hero with passive DEF Reduction, Skill Cooldown Increase, Buff Removal (T2), active Magic Vulnerability (T6) that can be fit into a wide range of content and teams.",,,
,,,,,,,NOTES:,Speed mule for Magic teams in Guild War. Win speed contest to increase all enemies Skill Cooldown.,,,,,,,,NOTES,Defensive utiliity support role for PVE (i.e. defense reduction passive and buff removal). Focus on survivability.,,,,,,,,,,,,,,,,,,,,
,,,,,,,,,,,,,,,,,,,,,,,,,,,,,,,,,,,,,
,,VANESSA-T0,,,,,SPELLWEAVE-MWEAPON,,SPELLWEAVE-ARMOR,,IMMORTAL,,REVIVE,,,GATEKEEP-MWEAPON,,GATEKEEP-ARMOR,,GUTS,,IMMORTAL,,,,,,,,,,,,ADVENT-YH,ADVENT-TEO,GUILD WAR,NONE
,,,,,,,,,,,GUTS,,CC,,,,,,,REVIVE,,BLOCK,,,,,,,,,,,,ADVENT-GOD,ADVENTURE BOTH,TOTAL WAR,NONE
,,,,,,,,,,,,,,,,,,,,,,,,,,,,,,,,,,,,,
,,,,,,,,,,,,,,,,,,,,,,,,,,,,,,,,,,,,,
,,YEONHEE,,,,,TRANSCENDENCE,,,,,,,,,,,,,,,SKILL ENHANCEMENT,,,,,,,,,,,,POTENTIALS,,,
,,,,,,,,,,,,,,,,,,,,,,,,,,,,,,,,,,Lv 30,-,,-
,,,,,,,,,,,,,,,,,,,,,,,,,,,,,,,,,,,,,
,,,,,,,,,ATK +12%,,ATK +6%,,HP +18%,,Crit Rate +18%,,ATK +12%,,ATK +6%,,,BASIC ATK,,SKILL 1 / BTM SKILL,,SKILL 2 / TOP SKILL,,PASSIVE,,AWAKENED SKILL,,,,,,,
,,,,,,,,,,,,,,,,,,,,,,,,,,,,,,,,,,,,,
,,,,,,,GEAR BUILDS,,,,,,,,,,,,,,,,,,,,,,,,,,,KEY USAGE,,,
,,,,,,,,,,,,,,,,,,,,,,,,,,,,,,,,,,,,,
,,,,,,,CRIT-BASED,,,,,,,,,WEAKNESS & CRIT MAXIMIZER,,,,,,,,,,,,,,,,,,PVE,,PVP,
,,,,,,,,,,,,,Crit Rate,,,,,,,,,Speed,,,,,,,,,,,,,,,
,,VIEW FULL SKILLSET,,,,,,,,,,,,,,,,,,,,,,,,,,,,,,,,,,,
,,LAST UPDATED:,,,19/05/26,,,,,,,,Crit DMG,,,,,,,,,Crit Rate,,,,,,,,,,,,,,,
,,HERO PROPERTIES,,,,,,,,,,,,,,,,,,,,,,,,,,,,,,,,,,,
,,FALSE,TRUE,TRUE,FALSE,,,,,,,,Weakness Hit,,,,,,,,,Weakness Hit,,,,,,,,,,,,,,,
,,NONE,EARLY,MIDGAME,END,,Crit Rate,,All ATK (%),,,,,,,Crit Rate,,All ATK (%),,,,,,,,,,,,,,,,,,,
,,,,,,,Crit DMG,,-,,,,All ATK (%),,,Crit DMG,,-,,,,Crit DMG,,,,,,,,,,,,,,,
,,EXCLUSIVE EQUIPMENT,,,,,,,,,,,,,,,,,,,,,,,,,,,,,,,,,,,
,,,,,,,,,,,,,Speed,,,,,,,,,All ATK (%),,,,,,,,,,,,,,,
,,,,,,,,,,,,,,,,,,,,,,,,,,,,,,,,,,,,,
,,,,,,,,,,,,,All ATK,,,,,,,,,All ATK,,,,,,,,,,,,,,,
,,,,,,,,,,,,,,,,,,,,,,,,,,,,,,,,,,,,,
,,,,,,,Crit Rate,,All ATK (%),,"Crit Rate +35%
Ignore DEF +15%",,,,,Crit Rate,,All ATK (%),,"Weakness Hit Chance +35%
Weakness Hit DMG +35%",,,,,,,,,,,,,,,,,
,,,,,,,Crit DMG,,-,,,,,,,Crit DMG,,-,,,,,,,,,,,,,,,,"The only hero with the Sleep debuff which can come in handy in Adventure. As a MATK buffer, she is replaced by O'Mok. As a PVE Damage Dealer, she is outclassed by other MAGIC DPSs.",,,
,,,,,,,NOTES:,Aim for high Crit Rate & Crit DMG to hit hard on both Basic Attacks and skills. More for PVE purposes.,,,,,,,,NOTES:,Aim for high Crit Rate & Crit DMG to hit hard on both Basic Attacks and skills. More for PVP purposes. Immortal ring is most recommended due to her fragility.,,,,,,,,,,,,,,,,,,,,
,,,,,,,,,,,,,,,,,,,,,,,,,,,,,,,,,,,,,
,,YEONHEE-T0,,,,,ASSASSIN-MWEAPON,,ASSASSIN-ARMOR,,IMMORTAL,,CRIT,,,BOUNTY-MWEAPON,,BOUNTY-ARMOR,,IMMORTAL,,BARRIERATK,,,,,,,,,,,,ADVENTURE BOTH,ADVENT-YH,ARENA,TOTAL WAR
,,,,,,,,,,,BOSSDMG,,WEAKNESS,,,,,,,REVIVE,,CC,,,,,,,,,,,,INFINITE TOWER,NONE,GUILD WAR,REAL-TIME ARENA
,,,,,,,,,,,,,,,,,,,,,,,,,,,,,,,,,,,,,
,LEGENDARY,,,,,,,,,,,,,,,,,,,,,,,,,,,,,,,,,,,,
,,,,,,,,,,,,,,,,,,,,,,,,,,,,,,,,,,,,,
,,DAISY,,,,,TRANSCENDENCE,,,,,,,,,,,,,,,SKILL ENHANCEMENT,,,,,,,,,,,,POTENTIALS,,,
,,,,,,,,,,,,,,,,,,,,,,,,,,,,,,,,,,Lv 30,-,,-
,,,,,,,,,,,,,,,,,,,,,,,,,,,,,,,,,,,,,
,,,,,,,,,ATK +12%,,ATK +6%,,HP +18%,,Crit Rate +18%,,ATK +12%,,ATK +6%,,,BASIC ATK,,SKILL 1 / BTM SKILL,,SKILL 2 / TOP SKILL,,PASSIVE,,AWAKENED SKILL,,,,,,,
,,,,,,,,,,,,,,,,,,,,,,,,,,,,,,,,,,,,,
,,,,,,,GEAR BUILDS,,,,,,,,,,,,,,,,,,,,,,,,,,,KEY USAGE,,,
,,,,,,,,,,,,,,,,,,,,,,,,,,,,,,,,,,,,,
,,,,,,,OX KING SUPPORT,,,,,,,,,RAID BOSS DMG DEALER,,,,,,,,,,,,,,,,,,PVE,,,
,,,,,,,,,,,,,Crit DMG,,,,,,,,,Crit DMG,,,,,,,,,,,,,,,
,,VIEW FULL SKILLSET,,,,,,,,,,,,,,,,,,,,,,,,,,,,,,,,,,,
,,LAST UPDATED:,,,19/05/26,,,,,,,,Crit Rate,,,,,,,,,Crit Rate,,,,,,,,,,,,,,,
,,HERO PROPERTIES,,,,,,,,,,,,,,,,,,,,,,,,,,,,,,,,,,,
,,FALSE,TRUE,TRUE,TRUE,,,,,,,,Weakness Hit,,,,,,,,,Weakness Hit,,,,,,,,,,,,,,,
,,NONE,EARLY,MIDGAME,END,,Crit Rate,,All ATK (%),,,,,,,Crit Rate,,All ATK (%),,,,,,,,,,,,,,,,,,,
,,,,,,,Crit DMG,,-,,,,All ATK (%),,,Crit DMG,,-,,,,All ATK (%),,,,,,,,,,,,,,,
,,EXCLUSIVE EQUIPMENT,,,,,,,,,,,,,,,,,,,,,,,,,,,,,,,,,,,
,,,,,,,,,,,,,All ATK,,,,,,,,,All ATK,,,,,,,,,,,,,,,
,,,,,,,,,,,,,,,,,,,,,,,,,,,,,,,,,,,,,
,,,,,,,,,,,,,-,,,,,,,,,-,,,,,,,,,,,,,,,
,,,,,,,,,,,,,,,,,,,,,,,,,,,,,,,,,,,,,
,,,,,,,Crit DMG,,All ATK (%),,"Crit Rate +35%
Ignore DEF +15%",,,,,Crit DMG,,All ATK (%),,"DMG Dealt +30%
Boss DMG +40%",,,,,,,,,,,,,,,,,
,,,,,,,Crit Rate,,-,,,,,,,Crit Rate,,-,,,,,,,,,,,,,,,,"While Daisy provides Petrify Immunity, AOE Buff Removal and MATK Boost as a support, her role grows to also become a ST damage dealer towards endgame.",,,
,,,,,,,NOTES:,It is very important to land Crits on the Ox King minions to kill them properly so focus primarily on Crit Rate & Crit DMG.,,,,,,,,NOTES:,"Transition towards Avenger Set, focusing on Crit Rate and Crit DMG (especially after Daisy is T6) to allow her to become a ST damage dealer.",,,,,,,,,,,,,,,,,,,,
,,,,,,,,,,,,,,,,,,,,,,,,,,,,,,,,,,,,,
,,DAISY-T0,,,,,ASSASSIN-MWEAPON,,ASSASSIN-ARMOR,,BOSSDMG,,CRIT,,,AVENGER-MWEAPON,,AVENGER-ARMOR,,BOSSDMG,,CRIT,,,,,,,,,,,,RAID-OX,ADVENT-GOD,TOWER OF TRIALS,NONE
,,,,,,,,,,,13DMG,,WEAKNESS,,,,,,,13DMG,,WEAKNESS,,,,,,,,,,,,SUDDENRAID-ASTREA,ADVENT-KYLE,NONE,NONE
,,,,,,,,,,,,,,,,,,,,,,,,,,,,,,,,,,,,,
,,,,,,,,,,,,,,,,,,,,,,,,,,,,,,,,,,,,,
,,ESPADA,,,,,TRANSCENDENCE,,,,,,,,,,,,,,,SKILL ENHANCEMENT,,,,,,,,,,,,POTENTIALS,,,
,,,,,,,,,,,,,,,,,,,,,,,,,,,,,,,,,,Lv 30,-,,-
,,,,,,,,,,,,,,,,,,,,,,,,,,,,,,,,,,,,,
,,,,,,,,,ATK +12%,,ATK +6%,,HP +18%,,Crit Rate +18%,,ATK +12%,,ATK +6%,,,BASIC ATK,,SKILL 1 / BTM SKILL,,SKILL 2 / TOP SKILL,,PASSIVE,,AWAKENED SKILL,,,,,,,
,,,,,,,,,,,,,,,,,,,,,,,,,,,,,,,,,,,,,
,,,,,,,GEAR BUILDS,,,,,,,,,,,,,,,,,,,,,,,,,,,KEY USAGE,,,
,,,,,,,,,,,,,,,,,,,,,,,,,,,,,,,,,,,,,
,,,,,,,RAID BOSS DMG DEALER (EARLY GAME),,,,,,,,,RAID BOSS DMG DEALER,,,,,,,,,,,,,,,,,,PVE,,,
,,,,,,,,,,,,,Crit DMG,,,,,,,,,Crit DMG,,,,,,,,,,,,,,,
,,VIEW FULL SKILLSET,,,,,,,,,,,,,,,,,,,,,,,,,,,,,,,,,,,
,,LAST UPDATED:,,,19/05/26,,,,,,,,Crit Rate,,,,,,,,,Crit Rate,,,,,,,,,,,,,,,
,,HERO PROPERTIES,,,,,,,,,,,,,,,,,,,,,,,,,,,,,,,,,,,
,,FALSE,TRUE,TRUE,TRUE,,,,,,,,Weakness Hit,,,,,,,,,Weakness Hit,,,,,,,,,,,,,,,
,,NONE,EARLY,MIDGAME,END,,Crit Rate,,All ATK (%),,,,,,,Crit Rate,,All ATK (%),,,,,,,,,,,,,,,,,,,
,,,,,,,Crit DMG,,-,,,,All ATK (%),,,Crit DMG,,-,,,,All ATK (%),,,,,,,,,,,,,,,
,,EXCLUSIVE EQUIPMENT,,,,,,,,,,,,,,,,,,,,,,,,,,,,,,,,,,,
,,,,,,,,,,,,,All ATK,,,,,,,,,All ATK,,,,,,,,,,,,,,,
,,,,,,,,,,,,,,,,,,,,,,,,,,,,,,,,,,,,,
,,,,,,,,,,,,,-,,,,,,,,,-,,,,,,,,,,,,,,,
,,,,,,,,,,,,,,,,,,,,,,,,,,,,,,,,,,,,,
,,,,,,,Crit DMG,,All ATK (%),,"Crit Rate +35%
Ignore DEF +15%",,,,,Crit DMG,,All ATK (%),,"DMG Dealt +30%
Boss DMG +40%",,,,,,,,,,,,,,,,,
,,,,,,,Crit Rate,,-,,,,,,,Crit Rate,,-,,,,,,,,,,,,,,,,"Very niche ST damage dealer that deals more DMG only when enemies have fallen in battle. Beyond being a DPS, she can also inflict Magic Vulnerability on single enemies.",,,
,,,,,,,NOTES:,Has passive Crit Rate Boost (40%) before T4 so make up the rest of the 60% with the Assassin Set & Crit Rate rolls.,,,,,,,,NOTES:,"Has passive Crit Rate Boost (40%) & at T4 (18%), allowing for priority in building for Crit DMG and Weakness Hit Chance. Will still need 42% Crit Rate from gears.",,,,,,,,,,,,,,,,,,,,
,,,,,,,,,,,,,,,,,,,,,,,,,,,,,,,,,,,,,
,,ESPADA-T0,,,,,ASSASSIN-MWEAPON,,ASSASSIN-ARMOR,,BOSSDMG,,CRIT,,,AVENGER-MWEAPON,,AVENGER-ARMOR,,BOSSDMG,,CRIT,,,,,,,,,,,,RAID-OX,TOWER OF TRIALS,NONE,NONE
,,,,,,,,,,,13DMG,,WEAKNESS,,,,,,,13DMG,,WEAKNESS,,,,,,,,,,,,SUDDENRAID-ASTREA,ADVENT-TEO,NONE,NONE
,,,,,,,,,,,,,,,,,,,,,,,,,,,,,,,,,,,,,
,,,,,,,,,,,,,,,,,,,,,,,,,,,,,,,,,,,,,
,,MIHO,,,,,TRANSCENDENCE,,,,,,,,,,,,,,,SKILL ENHANCEMENT,,,,,,,,,,,,POTENTIALS,,,
,,,,,,,,,,,,,,,,,,,,,,,,,,,,,,,,,,Lv 30,Lv 30,,Lv 30
,,,,,,,,,,,,,,,,,,,,,,,,,,,,,,,,,,,,,
,,,,,,,,,ATK +12%,,ATK +6%,,HP +18%,,Weakness Hit Chance +20%,,ATK +12%,,ATK +6%,,,BASIC ATK,,SKILL 1 / BTM SKILL,,SKILL 2 / TOP SKILL,,PASSIVE,,AWAKENED SKILL,,,,,,,
,,,,,,,,,,,,,,,,,,,,,,,,,,,,,,,,,,,,,
,,,,,,,GEAR BUILDS,,,,,,,,,,,,,,,,,,,,,,,,,,,KEY USAGE,,,
,,,,,,,,,,,,,,,,,,,,,,,,,,,,,,,,,,,,,
,,,,,,,PVE BOSS DAMAGE DEALER,,,,,,,,,PVE BOSS DAMAGE DEALER (EARLY PHASE),,,,,,,,,,,,,,,,,,PVE,,PVP,
,,,,,,,,,,,,,Crit Rate,,,,,,,,,Crit Rate,,,,,,,,,,,,,,,
,,VIEW FULL SKILLSET,,,,,,,,,,,,,,,,,,,,,,,,,,,,,,,,,,,
,,LAST UPDATED:,,,19/05/26,,,,,,,,Weakness Hit,,,,,,,,,Weakness Hit,,,,,,,,,,,,,,,
,,HERO PROPERTIES,,,,,,,,,,,,,,,,,,,,,,,,,,,,,,,,,,,
,,FALSE,TRUE,TRUE,TRUE,,,,,,,,Crit DMG,,,,,,,,,Crit DMG,,,,,,,,,,,,,,,
,,NONE,EARLY,MIDGAME,END,,Crit Rate,,All ATK (%),,,,,,,Crit Rate,,All ATK (%),,,,,,,,,,,,,,,,,,,
,,,,,,,Crit DMG,,-,,,,All ATK (%),,,Crit DMG,,-,,,,All ATK (%),,,,,,,,,,,,,,,
,,EXCLUSIVE EQUIPMENT,,,,,,,,,,,,,,,,,,,,,,,,,,,,,,,,,,,
,,,,,,,,,,,,,All ATK,,,,,,,,,All ATK,,,,,,,,,,,,,,,
,,,,,,,,,,,,,,,,,,,,,,,,,,,,,,,,,,,,,
,,,,,,,,,,,,,Speed,,,,,,,,,Speed,,,,,,,,,,,,,,,
,,,,,,,,,,,,,,,,,,,,,,,,,,,,,,,,,,,,,
,,,,,,,Crit Rate,,All ATK (%),,"DMG Dealt +30%
Boss DMG +40%",,,,,Crit Rate,,All ATK (%),,"Crit Rate +35%
Ignore DEF +15%",,,,,,,,,,,,,,,,,
,,,,,,,Weakness Hit,,-,,,,,,,Weakness Hit,,-,,,,,,,,,,,,,,,,One of the more unique heroes that can be both a support with Weakness Hit DMG Boost and also capable of being a Sub DPS with cleanse (T2).,,,
,,,,,,,NOTES:,Guts accessory can be helpful to if Miho faces trouble in survival. Primarily a Sub DPS so aim for high Crit Rate & Weakness Hit (taking into account allies and accessories).,,,,,,,,NOTES:,"Without much self-boosts in Crit Rate & Weakness Hit, nweer players may find difficulty in building these core stats. So using the Assassin Set for the early stages is decent.",,,,,,,,,,,,,,,,,,,,
,,,,,,,,,,,,,,,,,,,,,,,,,,,,,,,,,,,,,
,,MIHO-T0,,,,,AVENGER-MWEAPON,,AVENGER-ARMOR,,BOSSDMG,,GUTS,,,ASSASSIN-MWEAPON,,ASSASSIN-ARMOR,,BOSSDMG,,GUTS,,,,,,,,,,,,CR-123,ADVENT-GOD,NONE,NONE
,,,,,,,,,,,13DMG,,WEAKNESS,,,,,,,13DMG,,WEAKNESS,,,,,,,,,,,,ADVENT-MAGIC,PUDUNGEON-GOLD,NONE,NONE
,,,,,,,,,,,,,,,,,,,,,,,,,,,,,,,,,,,,,
,,,,,,,,,,,,,,,,,,,,,,,,,,,,,,,,,,,,,
,,PASCAL,,,,,TRANSCENDENCE,,,,,,,,,,,,,,,SKILL ENHANCEMENT,,,,,,,,,,,,POTENTIALS,,,
,,,,,,,,,,,,,,,,,,,,,,,,,,,,,,,,,,Lv 30,-,,-
,,,,,,,,,,,,,,,,,,,,,,,,,,,,,,,,,,,,,
,,,,,,,,,ATK +12%,,ATK +6%,,HP +18%,,Crit DMG +18%,,ATK +12%,,ATK +6%,,,BASIC ATK,,SKILL 1 / BTM SKILL,,SKILL 2 / TOP SKILL,,PASSIVE,,AWAKENED SKILL,,,,,,,
,,,,,,,,,,,,,,,,,,,,,,,,,,,,,,,,,,,,,
,,,,,,,GEAR BUILDS,,,,,,,,,,,,,,,,,,,,,,,,,,,KEY USAGE,,,
,,,,,,,,,,,,,,,,,,,,,,,,,,,,,,,,,,,,,
,,,,,,,RAID BOSS DMG DEALER (BEFORE T6),,,,,,,,,RAID BOSS DMG DEALER (T6),,,,,,,,,T15 IRON DEVOURER 2-MAN FARM,,,,,,,,,PVE,,,
,,,,,,,,,,,,,Crit Rate,,,,,,,,,Crit DMG,,,,,,,,,Weakness Hit,,,,,,
,,VIEW FULL SKILLSET,,,,,,,,,,,,,,,,,,,,,,,,,,,,,,,,,,,
,,LAST UPDATED:,,,19/05/26,,,,,,,,Crit DMG,,,,,,,,,Weakness Hit,,,,,,,,,Crit DMG,,,,,,
,,HERO PROPERTIES,,,,,,,,,,,,,,,,,,,,,,,,,,,,,,,,,,,
,,FALSE,TRUE,TRUE,TRUE,,,,,,,,Weakness Hit,,,,,,,,,All ATK (%),,,,,,,,,All ATK (%),,,,,,
,,NONE,EARLY,MIDGAME,END,,Crit Rate,,All ATK (%),,,,,,,Crit DMG,,All ATK (%),,,,,,,Crit DMG,,All ATK (%),,,,,,,,,,
,,,,,,,Crit DMG,,-,,,,All ATK (%),,,Weakness Hit,,-,,,,All ATK,,,Weakness Hit,,-,,,,All ATK,,,,,,
,,EXCLUSIVE EQUIPMENT,,,,,,,,,,,,,,,,,,,,,,,,,,,,,,,,,,,
,,,,,,,,,,,,,All ATK,,,,,,,,,Crit Rate,,,,,,,,,-,,,,,,
,,,,,,,,,,,,,,,,,,,,,,,,,,,,,,,,,,,,,
,,,,,,,,,,,,,-,,,,,,,,,-,,,,,,,,,-,,,,,,
,,,,,,,,,,,,,,,,,,,,,,,,,,,,,,,,,,,,,
,,,,,,,Crit DMG,,All ATK (%),,"DMG Dealt +30%
Boss DMG +40%",,,,,Crit DMG,,All ATK (%),,"DMG Dealt +30%
Boss DMG +40%",,,,,Weakness Hit,,All ATK (%),,"DMG Dealt +30%
Boss DMG +40%",,,,,,,,
,,,,,,,Crit Rate,,-,,,,,,,Weakness Hit,,-,,,,,,,Crit DMG,,-,,,,,,,One of the most powerful ST damage dealers in the game and used in many situations against bosses. Definitely recommend to T6 as soon as possible.,,,
,,,,,,,NOTES:,"Prior to T6, Crit Rate is highly important to have consistent DMG against bosses. As he is usually paired with Bicuit, aim to have 45% Weakness Hit Rate.",,,,,,,,NOTES:,Has 100% Crit Rate attached to S2. So it's best to focus on Crit DMG maxing and Weakness Hit Rate (usually 45%). Possible to also have some Crit Rate to supplement his basic attacks.,,,,,,,,NOTES:,"5* Guts Ring is the minimal requirement. You will need 100% Weakness Hit Rate from gears (88%) & accessory substats (12%), ATK at 4.5K, Crit DMG at 270%. ",,,,,,,,,,,
,,,,,,,,,,,,,,,,,,,,,,,,,,,,,,,,,,,,,
,,PASCAL-T0,,,,,AVENGER-MWEAPON,,AVENGER-ARMOR,,BOSSDMG,,WEAKNESS,,,AVENGER-MWEAPON,,AVENGER-ARMOR,,BOSSDMG,,WEAKNESS,,,AVENGER-MWEAPON,,AVENGER-ARMOR,,GUTS,,NONE,,,RAID-ID,ADVENT-GOD,TOWER OF TRIALS,NONE
,,,,,,,,,,,13DMG,,CRIT,,,,,,,13DMG,,CRIT,,,,,,,NONE,,NONE,,,CR-KRIS,ADVENT-TEO,NONE,NONE
,,,,,,,,,,,,,,,,,,,,,,,,,,,,,,,,,,,,,
,,,,,,,,,,,,,,,,,,,,,,,,,,,,,,,,,,,,,
,,RURI,,,,,TRANSCENDENCE,,,,,,,,,,,,,,,SKILL ENHANCEMENT,,,,,,,,,,,,POTENTIALS,,,
,,,,,,,,,,,,,,,,,,,,,,,,,,,,,,,,,,Lv 30,-,,-
,,,,,,,,,,,,,,,,,,,,,,,,,,,,,,,,,,,,,
,,,,,,,,,ATK +12%,,ATK +6%,,HP +18%,,Weakness Hit Chance +20%,,ATK +12%,,ATK +6%,,,BASIC ATK,,SKILL 1 / BTM SKILL,,SKILL 2 / TOP SKILL,,PASSIVE,,AWAKENED SKILL,,,,,,,
,,,,,,,,,,,,,,,,,,,,,,,,,,,,,,,,,,,,,
,,,,,,,GEAR BUILDS,,,,,,,,,,,,,,,,,,,,,,,,,,,KEY USAGE,,,
,,,,,,,,,,,,,,,,,,,,,,,,,,,,,,,,,,,,,
,,,,,,,PVE BOSS DAMAGE DEALER (BEFORE T4),,,,,,,,,PVE BOSS DAMAGE DEALER (AFTER T4),,,,,,,,,,,,,,,,,,PVE,,PVP,
,,,,,,,,,,,,,Crit Rate,,,,,,,,,Crit Rate,,,,,,,,,,,,,,,
,,VIEW FULL SKILLSET,,,,,,,,,,,,,,,,,,,,,,,,,,,,,,,,,,,
,,LAST UPDATED:,,,19/05/26,,,,,,,,Crit DMG,,,,,,,,,Crit DMG,,,,,,,,,,,,,,,
,,HERO PROPERTIES,,,,,,,,,,,,,,,,,,,,,,,,,,,,,,,,,,,
,,FALSE,TRUE,TRUE,TRUE,,,,,,,,Weakness Hit,,,,,,,,,All ATK (%),,,,,,,,,,,,,,,
,,NONE,EARLY,MIDGAME,END,,Crit Rate,,All ATK (%),,,,,,,Crit Rate,,All ATK (%),,,,,,,,,,,,,,,,,,,
,,,,,,,Crit DMG,,-,,,,All ATK (%),,,Crit DMG,,-,,,,All ATK,,,,,,,,,,,,,,,
,,EXCLUSIVE EQUIPMENT,,,,,,,,,,,,,,,,,,,,,,,,,,,,,,,,,,,
,,,,,,,,,,,,,All ATK,,,,,,,,,Weakness Hit,,,,,,,,,,,,,,,
,,,,,,,,,,,,,,,,,,,,,,,,,,,,,,,,,,,,,
,,,,,,,,,,,,,-,,,,,,,,,-,,,,,,,,,,,,,,,
,,,,,,,,,,,,,,,,,,,,,,,,,,,,,,,,,,,,,
,,,,,,,Weakness Hit,,All ATK (%),,"Crit Rate +35%
Ignore DEF +15%",,,,,Crit DMG,,All ATK (%),,"DMG Dealt +30%
Boss DMG +40%",,,,,,,,,,,,,,,,,
,,,,,,,Crit Rate,,-,,,,,,,Crit Rate,,-,,,,,,,,,,,,,,,,Once the best and most accessible 3-TARGET damage dealer from the beginner banner but has been outclassed by Nezha. Still required for Shadow Yeonhee.,,,
,,,,,,,NOTES:,"Before T4, Weakness Hit could be lacking so it may be necessary to have Weakness Hit main stats on the weapons.",,,,,,,,NOTES:,"Has passive Weakness Hit Chance Boost (39%) & at T4 (20%) and often used with Biscuit, allowing for heavier priority in building for Crit Rate and Crit DMG.",,,,,,,,,,,,,,,,,,,,
,,,,,,,,,,,,,,,,,,,,,,,,,,,,,,,,,,,,,
,,RURI-T0,,,,,ASSASSIN-MWEAPON,,ASSASSIN-ARMOR,,BOSSDMG,,CRIT,,,AVENGER-MWEAPON,,AVENGER-ARMOR,,BOSSDMG,,CRIT,,,,,,,,,,,,ADVENT-YH,CR-123,NONE,NONE
,,,,,,,,,,,13DMG,,WEAKNESS,,,,,,,13DMG,,WEAKNESS,,,,,,,,,,,,TOWER OF TRIALS,NONE,NONE,NONE
,,,,,,,,,,,,,,,,,,,,,,,,,,,,,,,,,,,,,
,,,,,,,,,,,,,,,,,,,,,,,,,,,,,,,,,,,,,
,,VELIKA,,,,,TRANSCENDENCE,,,,,,,,,,,,,,,SKILL ENHANCEMENT,,,,,,,,,,,,POTENTIALS,,,
,,,,,,,,,,,,,,,,,,,,,,,,,,,,,,,,,,-,-,,-
,,,,,,,,,,,,,,,,,,,,,,,,,,,,,,,,,,,,,
,,,,,,,,,ATK +12%,,ATK +6%,,HP +18%,,Crit Rate +18%,,ATK +12%,,ATK +6%,,,BASIC ATK,,SKILL 1 / BTM SKILL,,SKILL 2 / TOP SKILL,,PASSIVE,,AWAKENED SKILL,,,,,,,
,,,,,,,,,,,,,,,,,,,,,,,,,,,,,,,,,,,,,
,,,,,,,GEAR BUILDS,,,,,,,,,,,,,,,,,,,,,,,,,,,KEY USAGE,,,
,,,,,,,,,,,,,,,,,,,,,,,,,,,,,,,,,,,,,
,,,,,,,INFINITE TOWER/TOT SUPPORT,,,,,,,,,POWER UP DUNGEON,,,,,,,,,,,,,,,,,,PVE,,PVP,
,,,,,,,,,,,,,Block Rate,,,,,,,,,All ATK (%),,,,,,,,,,,,,,,
,,VIEW FULL SKILLSET,,,,,,,,,,,,,,,,,,,,,,,,,,,,,,,,,,,
,,LAST UPDATED:,,,19/05/26,,,,,,,,HP (%),,,,,,,,,All ATK,,,,,,,,,,,,,,,
,,HERO PROPERTIES,,,,,,,,,,,,,,,,,,,,,,,,,,,,,,,,,,,
,,FALSE,TRUE,TRUE,TRUE,,,,,,,,DEF (%),,,,,,,,,Effect Hit,,,,,,,,,,,,,,,
,,NONE,EARLY,MIDGAME,END,,HP (%),,Block Rate,,,,,,,All ATK (%),,All ATK (%),,,,,,,,,,,,,,,,,,,
,,,,,,,DEF (%),,DMG Taken Reduction,,,,Speed,,,-,,DMG Taken Reduction,,,,Crit Rate,,,,,,,,,,,,,,,
,,EXCLUSIVE EQUIPMENT,,,,,,,,,,,,,,,,,,,,,,,,,,,,,,,,,,,
,,,,,,,,,,,,,Effect Resistance,,,,,,,,,Crit DMG,,,,,,,,,,,,,,,
,,,,,,,,,,,,,,,,,,,,,,,,,,,,,,,,,,,,,
,,,,,,,,,,,,,-,,,,,,,,,Weakness Hit,,,,,,,,,,,,,,,
,,,,,,,,,,,,,,,,,,,,,,,,,,,,,,,,,,,,,
,,,,,,,HP (%),,Block Rate,,"Block Rate +30%
Block DMG Reduction +15%",,,,,All ATK (%),,All ATK (%),,"DMG Dealt +30%
Boss DMG +40%",,,,,,,,,,,,,,,,,
,,,,,,,DEF (%),,DMG Taken Reduction,,,,,,,-,,DMG Taken Reduction,,,,,,,,,,,,,,,,Infinite Tower/TOT support prized for her basic attack reducing party's skill cooldowns.,,,
,,,,,,,NOTES:,Prioritize survivability to ensure her basic attack's effect can be casted continuously.,,,,,,,,NOTES:,Aim is to increase Burn DMG on the boss.,,,,,,,,,,,,,,,,,,,,
,,,,,,,,,,,,,,,,,,,,,,,,,,,,,,,,,,,,,
,,VELIKA-T0,,,,,GATEKEEP-MWEAPON,,GATEKEEP-ARMOR,,IMMORTAL,,REVIVE,,,AVENGER-MWEAPON,,AVENGER-ARMOR,,BURN,,NONE,,,,,,,,,,,,INFINITE TOWER,PUDUNGEON-EARTH,NONE,NONE
,,,,,,,,,,,GUTS,,CC,,,,,,,NONE,,NONE,,,,,,,,,,,,TOWER OF TRIALS,FARMING,NONE,NONE
,,,,,,,,,,,,,,,,,,,,,,,,,,,,,,,,,,,,,
,,,,,,,,,,,,,,,,,,,,,,,,,,,,,,,,,,,,,
,,XIAO QIAO,,,,,TRANSCENDENCE,,,,,,,,,,,,,,,SKILL ENHANCEMENT,,,,,,,,,,,,POTENTIALS,,,
,,,,,,,,,,,,,,,,,,,,,,,,,,,,,,,,,,Lv 30,-,,-
,,,,,,,,,,,,,,,,,,,,,,,,,,,,,,,,,,,,,
,,,,,,,,,ATK +12%,,ATK +6%,,HP +18%,,Weakness Hit Chance +20%,,ATK +12%,,ATK +6%,,,BASIC ATK,,SKILL 1 / BTM SKILL,,SKILL 2 / TOP SKILL,,PASSIVE,,AWAKENED SKILL,,,,,,,
,,,,,,,,,,,,,,,,,,,,,,,,,,,,,,,,,,,,,
,,,,,,,GEAR BUILDS,,,,,,,,,,,,,,,,,,,,,,,,,,,KEY USAGE,,,
,,,,,,,,,,,,,,,,,,,,,,,,,,,,,,,,,,,,,
,,,,,,,RAID BOSS DMG DEALER,,,,,,,,,T15 IRON DEVOURER 2-MAN FARM,,,,,,,,,,,,,,,,,,PVE,,,
,,,,,,,,,,,,,Crit Rate,,,,,,,,,Crit Rate,,,,,,,,,,,,,,,
,,VIEW FULL SKILLSET,,,,,,,,,,,,,,,,,,,,,,,,,,,,,,,,,,,
,,LAST UPDATED:,,,19/05/26,,,,,,,,Crit DMG,,,,,,,,,Weakness Hit,,,,,,,,,,,,,,,
,,HERO PROPERTIES,,,,,,,,,,,,,,,,,,,,,,,,,,,,,,,,,,,
,,FALSE,TRUE,TRUE,TRUE,,,,,,,,All ATK (%),,,,,,,,,Crit DMG,,,,,,,,,,,,,,,
,,NONE,EARLY,MIDGAME,END,,Crit Rate,,All ATK (%),,,,,,,Crit Rate,,All ATK (%),,,,,,,,,,,,,,,,,,,
,,,,,,,Crit DMG,,-,,,,All ATK,,,-,,-,,,,All ATK (%),,,,,,,,,,,,,,,
,,EXCLUSIVE EQUIPMENT,,,,,,,,,,,,,,,,,,,,,,,,,,,,,,,,,,,
,,,,,,,,,,,,,Weakness Hit,,,,,,,,,All ATK,,,,,,,,,,,,,,,
,,,,,,,,,,,,,,,,,,,,,,,,,,,,,,,,,,,,,
,,,,,,,,,,,,,-,,,,,,,,,-,,,,,,,,,,,,,,,
,,,,,,,,,,,,,,,,,,,,,,,,,,,,,,,,,,,,,
,,,,,,,Crit DMG,,All ATK (%),,"DMG Dealt +30%
Boss DMG +40%",,,,,Crit Rate,,All ATK (%),,"DMG Dealt +30%
Boss DMG +40%",,,,,,,,,,,,,,,,,
,,,,,,,Crit Rate,,-,,,,,,,-,,-,,,,,,,,,,,,,,,,"An ST damage dealer but also support at the same time providing not only MATK Boost, but Paralysis Immunity as well. ",,,
,,,,,,,NOTES:,"Has Passive Weakness Hit Chance Boost (T2; 39%) & at T4 (20%) and often paired with Biscuit, allowing for priority in building for Crit Rate and Crit DMG.",,,,,,,,NOTES:,Focus only on Crit Rate to be 100% and Weakness Hit to be 60%. ATK at 4.3K. Crit DMG is secondary importance.,,,,,,,,,,,,,,,,,,,,
,,,,,,,,,,,,,,,,,,,,,,,,,,,,,,,,,,,,,
,,XIAO QIAO-T0,,,,,AVENGER-MWEAPON,,AVENGER-ARMOR,,BOSSDMG,,CRIT,,,AVENGER-MWEAPON,,AVENGER-ARMOR,,GUTS,,WEAKNESS,,,,,,,,,,,,RAID-ID,ADVENT-GOD,TOWER OF TRIALS,NONE
,,,,,,,,,,,13DMG,,WEAKNESS,,,,,,,13DMG,,CRIT,,,,,,,,,,,,CR-KRIS,ADVENT-TEO,NONE,NONE
,,,,,,,,,,,,,,,,,,,,,,,,,,,,,,,,,,,,,
,,,,,,,,,,,,,,,,,,,,,,,,,,,,,,,,,,,,,
,,YU SHIN,,,,,TRANSCENDENCE,,,,,,,,,,,,,,,SKILL ENHANCEMENT,,,,,,,,,,,,POTENTIALS,,,
,,,,,,,,,,,,,,,,,,,,,,,,,,,,,,,,,,-,-,,-
,,,,,,,,,,,,,,,,,,,,,,,,,,,,,,,,,,,,,
,,,,,,,,,ATK +12%,,ATK +6%,,HP +18%,,Effect Hit Rate +24%,,ATK +12%,,ATK +6%,,,BASIC ATK,,SKILL 1 / BTM SKILL,,SKILL 2 / TOP SKILL,,PASSIVE,,AWAKENED SKILL,,,,,,,
,,,,,,,,,,,,,,,,,,,,,,,,,,,,,,,,,,,,,
,,,,,,,GEAR BUILDS,,,,,,,,,,,,,,,,,,,,,,,,,,,KEY USAGE,,,
,,,,,,,,,,,,,,,,,,,,,,,,,,,,,,,,,,,,,
,,,,,,,CC-BASED,,,,,,,,,,,,,,,,,,,,,,,,,,,PVE,,PVP,
,,,,,,,,,,,,,Speed,,,,,,,,,,,,,,,,,,,,,,,,
,,VIEW FULL SKILLSET,,,,,,,,,,,,,,,,,,,,,,,,,,,,,,,,,,,
,,LAST UPDATED:,,,19/05/26,,,,,,,,Block Rate,,,,,,,,,,,,,,,,,,,,,,,,
,,HERO PROPERTIES,,,,,,,,,,,,,,,,,,,,,,,,,,,,,,,,,,,
,,FALSE,TRUE,FALSE,FALSE,,,,,,,,Effect Hit,,,,,,,,,,,,,,,,,,,,,,,,
,,NONE,EARLY,MIDGAME,END,,HP (%),,DMG Taken Reduction,,,,,,,,,,,,,,,,,,,,,,,,,,,,
,,,,,,,DEF (%),,Block Rate,,,,Effect Resistance,,,,,,,,,,,,,,,,,,,,,,,,
,,EXCLUSIVE EQUIPMENT,,,,,,,,,,,,,,,,,,,,,,,,,,,,,,,,,,,
,,,,,,,,,,,,,HP (%),,,,,,,,,,,,,,,,,,,,,,,,
,,,,,,,,,,,,,,,,,,,,,,,,,,,,,,,,,,,,,
,,,,,,,,,,,,,DEF (%),,,,,,,,,,,,,,,,,,,,,,,,
,,,,,,,,,,,,,,,,,,,,,,,,,,,,,,,,,,,,,
,,,,,,,HP (%),,DMG Taken Reduction,,"Effect Hit Rate +35%
Effect Probability +10%",,,,,,,,,,,,,,,,,,,,,,,,,,
,,,,,,,DEF (%),,Block Rate,,,,,,,,,,,,,,,,,,,,,,,,,"Used-to-be King of Toxicity with continous and high chance of paralyzing enemies. While Paralysis is still great, the same can't be said about his survivability.",,,
,,,,,,,NOTES:,"Has passive Effect Hit Rate Boost (34%), allowing for priority in building for also having some bulk for survivability.",,,,,,,,,,,,,,,,,,,,,,,,,,,,,
,,,,,,,,,,,,,,,,,,,,,,,,,,,,,,,,,,,,,
,,YU SHIN-T0,,,,,SPELLWEAVE-MWEAPON,,SPELLWEAVE-ARMOR,,IMMORTAL,,CRIT,,,,,,,,,,,,,,,,,,,,,ADVENTURE BOTH,NONE,NONE,NONE
,,,,,,,,,,,13DMG,,WEAKNESS,,,,,,,,,,,,,,,,,,,,,INFINITE TOWER,NONE,NONE,NONE
,,,,,,,,,,,,,,,,,,,,,,,,,,,,,,,,,,,,,
,COLLAB,,,,,,,,,,,,,,,,,,,,,,,,,,,,,,,,,,,,
,,,,,,,,,,,,,,,,,,,,,,,,,,,,,,,,,,,,,
,,SUNG JINWOO,,,,,TRANSCENDENCE,,,,,,,,,,,,,,,SKILL ENHANCEMENT,,,,,,,,,,,,POTENTIALS,,,
,,,,,,,,,,,,,,,,,,,,,,,,,,,,,,,,,,Lv 30,-,,-
,,,,,,,,,,,,,,,,,,,,,,,,,,,,,,,,,,,,,
,,,,,,,,,ATK +12%,,ATK +6%,,HP +18%,,Crit Rate +18%,,ATK +12%,,ATK +6%,,,BASIC ATK,,SKILL 1 / BTM SKILL,,SKILL 2 / TOP SKILL,,PASSIVE,,AWAKENED SKILL,,,,,,,
,,,,,,,,,,,,,,,,,,,,,,,,,,,,,,,,,,,,,
,,,,,,,GEAR BUILDS,,,,,,,,,,,,,,,,,,,,,,,,,,,KEY USAGE,,,
,,,,,,,,,,,,,,,,,,,,,,,,,,,,,,,,,,,,,
,,,,,,,WEAKNESS-FOCUSED,,,,,,,,,CRIT-FOCUSED,,,,,,,,,,,,,,,,,,PVE,,PVP,
,,,,,,,,,,,,,Speed,,,,,,,,,Speed,,,,,,,,,,,,,,,
,,VIEW FULL SKILLSET,,,,,,,,,,,,,,,,,,,,,,,,,,,,,,,,,,,
,,LAST UPDATED:,,,19/05/26,,,,,,,,Crit Rate,,,,,,,,,Crit Rate,,,,,,,,,,,,,,,
,,HERO PROPERTIES,,,,,,,,,,,,,,,,,,,,,,,,,,,,,,,,,,,
,,FALSE,TRUE,TRUE,TRUE,,,,,,,,Weakness Hit,,,,,,,,,Weakness Hit,,,,,,,,,,,,,,,
,,NONE,EARLY,MIDGAME,END,,Crit Rate,,All ATK (%),,,,,,,Crit Rate,,All ATK (%),,,,,,,,,,,,,,,,,,,
,,,,,,,Weakness Hit,,-,,,,Crit DMG,,,Weakness Hit,,-,,,,Crit DMG,,,,,,,,,,,,,,,
,,EXCLUSIVE EQUIPMENT,,,,,,,,,,,,,,,,,,,,,,,,,,,,,,,,,,,
,,,,,,,,,,,,,All ATK (%),,,,,,,,,All ATK (%),,,,,,,,,,,,,,,
,,,,,,,,,,,,,,,,,,,,,,,,,,,,,,,,,,,,,
,,,,,,,,,,,,,All ATK,,,,,,,,,All ATK,,,,,,,,,,,,,,,
,,,,,,,,,,,,,,,,,,,,,,,,,,,,,,,,,,,,,
,,,,,,,Crit Rate,,All ATK (%),,"Weakness Hit Chance +35%
Weakness Hit DMG +35%",,,,,Crit Rate,,All ATK (%),,"Crit Rate +35%
Ignore DEF +15%",,,,,,,,,,,,,,,,,
,,,,,,,Crit DMG,,-,,,,,,,Crit DMG,,-,,,,,,,,,,,,,,,,"Unique ability that can level up beyond the Max Level cap, allowing for greater stat growth in battle. Unfortunately suffers from being slightly too fragile. Nonetheless, MDMG Boost is still helpful.",,,
,,,,,,,NOTES:,Longer duration Immortality helps SJW build Level Up stacks better than Guts.,,,,,,,,NOTES:,An option for PVE especially when farming and high Crit Rate allows consistently high damage.,,,,,,,,,,,,,,,,,,,,
,,,,,,,,,,,,,,,,,,,,,,,,,,,,,,,,,,,,,
,,SUNG JINWOO-T0,,,,,BOUNTY-MWEAPON,,BOUNTY-ARMOR,,IMMORTAL,,45DMG,,,ASSASSIN-MWEAPON,,ASSASSIN-ARMOR,,IMMORTAL,,45DMG,,,,,,,,,,,,ADVENTURE BOTH,FARMING,ARENA,REAL-TIME ARENA
,,,,,,,,,,,GUTS,,CC,,,,,,,GUTS,,CC,,,,,,,,,,,,INFINITE TOWER,NONE,TOTAL WAR,NONE