,,,,,,,,,,,,,,,,,,,,,,,,,,,,,,,,,,,,,,,,,,,,,,,
,,,ARENA META LINEUPS,,,,,,,,,,,,,,,,,,,,,,,,,,,,,,,,,,,,,,,,,,,,CHANGES
,,,TEAM 1 : ATTACK (PHYSICAL),,,,,,,,,,,TEAM 2 : MAGIC,,,,,,,,,,,TEAM 3 : TANK/UNIVERSAL,,,,,,,,,,,TEAM 4: DEATH,,,,,,,,,,,
,"PET
OPTIONS",,,,,,,,,,,,,,,,,,,,,,,,,,,,,,,,,,,,,,,,,,,,,,"26/3/26 : 
PHYSICAL TEAM
Cha Hae-In ~ Added to C-Tier

MAGIC TEAM
Sung Jinwoo ~ Added to SS-Tier

===============

6/3/26 : 
PHYSICAL TEAM
Reginleif ~ Added to SS-Tier

MAGIC TEAM
Reginleif ~ Added to SS-Tier

TANK TEAM
Guan Yu ~ Added to D-Tier

===============

20/2/26 : 
PHYSICAL TEAM
Lu Bu ~ Added to SSS-Tier
Ace ~ Added to SSS-Tier
Bai Long ~ Added to D-Tier
Platin ~ A-Tier > B-Tier
Sun Wukong ~ Removed
Freyja - Removed

MAGIC TEAM
Freyja ~ SS-Tier > SSS-Tier
Melia ~ SSS-Tier > SS-Tier
Diaochan ~ Added to D-Tier
Xiao Qiao ~ Added to D-Tier

TANK TEAM
Radgrid ~ Added to SSS-Tier
Sun Wukong ~ SSS-Tier > SS-Tier
Pallanus ~ Added to SS-Tier
Ace ~ A-Tier > S-Tier
Trude ~ SS-Tier > S-Tier
Aragon ~ S-Tier > A-Tier
Bai Jiao ~ Added to D-Tier
Frejya ~ S-Tier > B-Tier
Rook ~ D-Tier > A-Tier

DEATH TEAM
Radgrid ~ Added to SS-Tier
Pallanus ~ Added to SS-Tier
Aquila ~ SS-Tier > S-Tier
Gelidus ~ S-Tier > SS-Tier
Freyja ~ Added to B-Tier

===============

23/1/26 : 
PHYSICAL TEAM
Fai ~ SS-Tier > S-Tier

TANK TEAM
Pallanus ~ Added to SS-Tier
Trude ~ SS-Tier > S-Tier
Aragon ~ D-Tier > S-Tier

===============

9/1/26 : 
PHYSICAL TEAM
Branze & Bransel ~ Added to SS-Tier
Trude ~ SS-Tier > S-Tier
Colt ~ SS-Tier > S-Tier
Freyja ~ SS-Tier > S-Tier
Fai ~ S-Tier > SS-Tier

===============

1/1/26 : 
REVAMPED TIERLIST"
,,,YU,,EIRIN,,YORANG,,,,,,,YU,,YORANG,,YEONJI,,,,,,,RUU,,KARAM,,JEB,,PIKE,,,,,MERPARROW,,,,,,,,,,,
,,,,,,,,,,,,,,,,,,,,,,,,,,,,,,,,,,,,,,,,,,,,,,,
,,,,,,,,,,,,,,,,,,,,,,,,,,,,,,,,,,,,,,,,,,,,,,,
,,,,,,,,,,,,,,,,,,,,,,,,,,,,,,,,,,,,,,,,,,,,,,,
,"META
LINEUPS",,,,,,,,,,,,,,,,,,,,,,,,,,,,,,,,,,,,,,,,,,,,,,
,,,,,,,,,,,,,,,,,,,,,,,,,,,,,,,,,,,,,,,,,,,,,,,
,,,,,,,,,,,,,,,,,,,,,,,,,,,,,,,,,,,,,,,,,,,,,,,
,,,,,,,,,,,,,,,,,,,,,,,,,,,,,,,,,,,,,,,,,,,,,,,
,,,,,,,,,,,,,,,,,,,,,,,,,,,,,,,,,,,,,,,,,,,,,,,
,,,,,,,,,,,,,,,,,,,,,,,,,,,,,,,,,,,,,,,,,,,,,,,
,,,RANDGRID-T6,,LU BU-T6,,BRANZE&BRANSEL-T2,,TEO-T6,,KARL HERON-T6,,,RIN-T2,,O'MOK-T2,,MELIA-T0,,FREYJA-T6,,REGINLEIF-T6,,,ELYSIA-T0,,GELIDUS-T0,,RADGRID-T6,,ALICE-T6,,PALLANUS-T6,,,ELYSIA-T0,,GELIDUS-T0,,RADGRID-T6,,ALICE-T6,,PALLANUS-T6,,,
,,,BOUNTY,,BOUNTY,,BOUNTY,,BOUNTY,,SPELLWEAVE,,,BOUNTY,,BOUNTY,,GATEKEEP,,BOUNTY,,BOUNTY,,,GATEKEEP,,SPELLWEAVE,,PALADIN,,PALADIN,,ASSASSIN,,,BOUNTY,,BOUNTY,,BOUNTY,,BOUNTY,,BOUNTY,,,
,,,IMMORTAL,,IMMORTAL,,IMMORTAL,,GUTS,,IMMORTAL,,,IMMORTAL,,IMMORTAL,,GUTS,,GUTS,,GUTS,,,REVIVE,,REVIVE,,REVIVE,,REVIVE,,REVIVE,,,IMMORTAL,,IMMORTAL,,IMMORTAL,,IMMORTAL,,IMMORTAL,,,
,,,,,,,,,,,,,,,,,,,,,,,,,,,,,,,,,,,,,,,,,,,,,,,
,,,,,,,,,,,,,,,,,,,,,,,,,,,,,,,,,,,,,,,,,,,,,,,
,,,,,,,,,,,,,,,,,,,,,,,,,,,,,,,,,,,,,,,,,,,,,,,
,,,,,,,,,,,,,,,,,,,,,,,,,,,,,,,,,,,,,,,,,,,,,,,
,,,,,,,,,,,,,,,,,,,,,,,,,,,,,,,,,,,,,,,,,,,,,,,
,,,,,,,,,,,,,,,,,,,,,,,,,,,,,,,,,,,,,,,,,,,,,,,
,,,,,,,,,,,,,,,,,,,,,,,,,,,,,,,,,,,,,,,,,,,,,,,
,,,,,,,,,,,,,,,,,,,,,,,,,,,,,,,,,,,,,,,,,,,,,,,
,,,,,,,,,,,,,,,,,,,,,,,,,,,,,,,,,,,,,,,,,,,,,,,
,,,,,,,,,,,,,,,,,,,,,,,,,,,,,,,,,,,,,,,,,,,,,,,
,,,RANDGRID-T6,,LU BU-T6,,BRANZE&BRANSEL-T2,,TEO-T6,,KAGURA-T0,,,MERCURE-T0,,O'MOK-T2,,MELIA-T0,,FREYJA-T6,,REGINLEIF-T6,,,GELIDUS-T0,,ALICE-T6,,ELYSIA-T0,,RADGRID-T6,,PALLANUS-T6,,,ELYSIA-T0,,GELIDUS-T0,,RADGRID-T6,,ALICE-T6,,PALLANUS-T6,,,
,,,BOUNTY,,BOUNTY,,BOUNTY,,BOUNTY,,SPELLWEAVE,,,SPELLWEAVE,,BOUNTY,,GATEKEEP,,BOUNTY,,BOUNTY,,,SPELLWEAVE,,PALADIN,,GATEKEEP,,PALADIN,,ASSASSIN,,,BOUNTY,,BOUNTY,,BOUNTY,,BOUNTY,,BOUNTY,,,
,,,IMMORTAL,,IMMORTAL,,IMMORTAL,,GUTS,,ANY,,,IMMORTAL,,IMMORTAL,,GUTS,,GUTS,,GUTS,,,REVIVE,,REVIVE,,REVIVE,,REVIVE,,REVIVE,,,IMMORTAL,,IMMORTAL,,IMMORTAL,,IMMORTAL,,IMMORTAL,,,
,,,,,,,,,,,,,,,,,,,,,,,,,,,,,,,,,,,,,,,,,,,,,,,
,,,,,,,,,,,,,,,,,,,,,,,,,,,,,,,,,,,,,,,,,,,,,,,
,Notes:,,Effect Resistance substats are increasingly used for effects like CC or Buff Duration Reduction/Buff Removal to be resisted. This is especially thanks to Karl Heron's passive Effect Resistance Boost which raises the possibility of this considerably.,,,,,,,,,,,O'Mok's powerful Guardian Spirit effect has given the Magic team a fighting chance by preserving their survivability (DMG Immunity) and extending their skill use efficiency (CC Immunity). It may be slightly shaky at the moment with the Attack Team becoming even stronger. ,,,,,,,,,,,"Well lasting in the meta for months, thanks to high but resistant investment. Players only need to aim for Defensive Substats rather than being torn between SPD VS Offensive DMG substats. Powerful Tank teams go all in on Block, DMG Taken Reduction, HP% substats despite not using the Gatekeeper set.",,,,,,,,,,,,,,,,,,,,,,
,,,,,,,,,,,,,,,,,,,,,,,,,,,,,,,,,,,,,,,,,,,,,,,
,,,,,,,,,,,,,,,,,,,,,,,,,,,,,,,,,,,,,,,,,,,,,,,
,"OTHER
OPTIONS",,,,,,,,,,,,,,,,,,,,,,,,,,,,,,,,,,,,,,,,,,,,,,
,,,,,,,,,,,,,,,,,,,,,,,,,,,,,,,,,,,,,,,,,,,,,,,
,,,,,,,,,,,,,,,,,,,,,,,,,,,,,,,,,,,,,,,,,,,,,,,
,,,,,,,,,,,,,,,,,,,,,,,,,,,,,,,,,,,,,,,,,,,,,,,
,,,RANDGRID-T6,,LU BU-T6,,BRANZE&BRANSEL-T2,,KYLE-T6,,KAGURA-T6,,,RIN-T2,,O'MOK-T2,,SUNG JINWOO-T6,,FREYJA-T6,,REGINLEIF-T6,,,GELIDUS-T0,,MIST-T6,,RADGRID-T6,,ELYSIA-T0,,PALLANUS-T6,,,KRIS-T2,,MIST-T6,,RADGRID-T6,,ROSIE-T0,,PALLANUS-T6,,,
,,,,,,,,,,,,,,,,,,,,,,,,,,,,,,,,,,,,,,,,,,,,,,,
,,,,,,,,,,,,,,,,,,,,,,,,,,,,,,,,,,,,,,,,,,,,,,,
,,,,,,,,,,,,,,,,,,,,,,,,,,,,,,,,,,,,,,,,,,,,,,,
,,,,,,,,,,,,,,,,,,,,,,,,,,,,,,,,,,,,,,,,,,,,,,,
,,,,,,,,,,,,,,,,,,,,,,,,,,,,,,,,,,,,,,,,,,,,,,,
,,,,,,,,,,,,,,,,,,,,,,,,,,,,,,,,,,,,,,,,,,,,,,,
,,,,,,,,,,,,,,,,,,,,,,,,,,,,,,,,,,,,,,,,,,,,,,,
,,,ACE-T0,,LU BU-T6,,BRANZE&BRANSEL-T2,,KYLE-T6,,KAGURA-T6,,,,,,,,,,,,,,GELIDUS-T0,,SUNWUKONG-T6,,RADGRID-T6,,ELYSIA-T0,,PALLANUS-T6,,,,,,,,,,,,,,
,,,,,,,,,,,,,,,,,,,,,,,,,,,,,,,,,,,,,,,,,,,,,,,
,,,,,,,,,,,,,,,,,,,,,,,,,,,,,,,,,,,,,,,,,,,,,,,
,,,Last edit : 20th May 2026,,,,,,,,,,,,,,,,,,,,,,,,,,,,,,,,,,,,,,,,,,,,