,,,,,,,,,,,,,
,,PVE,,,,,PVP,,,,,FARMING,
,,,,,,,,,,,,,
,SSS,,,,,,,,,,,,
,,WINDY,,,,,KARAM,RUU,YU,,,MOLE,
,,,,,,,,,,,,,
,SS,,,,,,,,,,,,
,,YEONJI,EIRIN,JEO,,,YORANG,YEONJI,EIRIN,JEB,,ERI,
,,,,,,,,,,,,,
,S,,,,,,,,,,,,
,,DELLO,RICHEL,IGRIS,,,PIKE,MERPARROW,,,,MICK,DOO
,,,,,,,,,,,,,
,A,,,,,,,,,,,,
,,NOTE,SHERRY,,,,DELLO,RICHEL,PARAGON,,,MIMIC,
,,,,,,,,,,,,,
,B,,,,,,,,,,,,
,,KREE,CROA,NINA,,,HELLEPIN,,,,,,
,,,,,,,,,,,,,
,C,,,,,,,,,,,,
,,LITTLE FENG,,,,,,,,,,,
,,,,,,,,,,,,,
,D,,,,,,,,,,,,
,,MEWMEW,,,,,NIKKI,,,,,,