,,,,,,,,,,,,,,,,,,,,,,,,,,
,,,RAIDS 레이드,,,,,,,,,,,,,,,,,,,,,,,
,,,"Raids form the core of gear farming and it is an important mode where you need to ensure 100% successful and efficient runs.
Actual stats are not reflected here as it is unrealistic to be chasing stats when you are literally farming for the gears required. 
However, once speed and farming come into play, accessories play a key role.",,,,,,,,,,,,,,,,,,,,,,,
,,,,,,,,,,,,,,,,,,,,,,,,,,
,,,,,,,,,,,,,,,,,,,,,,,,,,
,"DESTROYER GAZE
파멸의 눈동자",,"SPEED
CLEAR",,"STUN
IMMUNITY",,"BURN
IMMUNITY",,DPS,,"DEF DOWN (P)
+WEAKNESS HIT",,"DEF DOWN (A)
PHYS VUL (A)
+WEAKNESS (P)",,,"T15
3-MAN
FARM",,"STUN
IMMUNITY",,"BURN
IMMUNITY",,DPS,,,,
,,,,,,,,,,,,,,,,,,,,,,,,,,
,,,,,,,,,,,,,,,,,,,,,,,,,,
,,,,,,,,,,,,,,,,,,,,,,,,,,
,,,,,,,,,,,,,,,,,,,,,,,,,,
,,,,,,,,,,,,,,,,,,,,,,,,,,
,,,,,,,,,,,,,,,,,,,,,,,,,,
,,,,,,,,,,,,,,,,,,,,,,,,,,
,,,,,,,,,,,,,,,,,,,,,,,,,,
,,,AUTO-SKILL,,,,,,,,,,,,,AUTO-SKILL,,,,,,,,,,
,,,,,SIEG-T6,,RYAN-T6,,SHANE-T6,,BISCUIT-T6,,RACHEL-T6,,,,,SIEG-T6,,RYAN-T6,,BAI LONG-T6,,,,
,,,,,AVENGER,,AVENGER,,AVENGER,,GATEKEEP,,AVENGER,,,,,AVENGER,,GATEKEEP,,AVENGER,,,,
,,,,,BOSSDMG+CWR,,BOSSDMG+CWR,,BOSSDMG+ST,,DOT,,BOSSDMG+CWR,,,,,IMMORTAL,,GUTS,,IMMO+GUTS,,,,
,,,NOTES:,,Can also use Sieg and Shane backline.,,,,,,,,,,,NOTES:,,"A very very insane build is needed for this to happen smoothly, involving an Immortal X Guts for Bai Long so that he can survive the entire duration, while capitalizing on his large DMG output. Shane is less recommended as there are few debuffs to leverage on.",,,,,,,,
,,,,,,,,,,,,,,,,,,,,,,,,,,
,,,"T15
(FASTER)",,"STUN
IMMUNITY",,"BURN
IMMUNITY",,DPS,,"DEF DOWN (P)
+WEAKNESS HIT",,"DEF DOWN (A)
PHYS VUL (A)
+WEAKNESS (P)",,,T10/T15,,"STUN
IMMUNITY",,"BURN
IMMUNITY",,DPS,,"DEF DOWN (P)
+WEAKNESS HIT",,"DEF DOWN (A)
PHYS VUL (A)
+WEAKNESS (P)"
,,,,,,,,,,,,,,,,,,,,,,,,,,
,,,,,,,,,,,,,,,,,,,,,,,,,,
,,,,,,,,,,,,,,,,,,,,,,,,,,
,,,,,,,,,,,,,,,,,,,,,,,,,,
,SPEED: 60,,,,,,,,,,,,,,,,,,,,,,,,,
,,,,,,,,,,,,,,,,,,,,,,,,,,
,,,,,,,,,,,,,,,,,,,,,,,,,,
,,,,,,,,,,,,,,,,,,,,,,,,,,
,"● Magic Type and inflicts MDMG
● Has MDMG Resistance",,AUTO-SKILL,,,,,,,,,,,,,AUTO-SKILL,,,,,,,,,,
,,,,,SIEG-T0,,YUI-SE,,SHANE-SE,,BISCUIT-SE,,RACHEL-T2,,,,,EVAN-T0,,YUI-SE,,SHANE-SE,,BISCUIT-SE,,RACHEL-T2
,,,,,AVENGER,,AVENGER,,AVENGER,,GATEKEEP,,AVENGER,,,,,AVENGER,,AVENGER,,AVENGER,,GATEKEEP,,AVENGER
,,,,,,,,,,,,,,,,,,,,,,,,,,
,,,NOTES:,,,,,,,,,,,,,NOTES:,,"Biscuit's enhancement on her Basic ATK can come in handy to reduce the boss' DMG dealt. In this case, you would want Biscuit to have over 60 Speed so that she is faster than the boss.",,,,,,,,
,,,,,,,,,,,,,,,,,,,,,,,,,,
,,,,,,,,,,,,,,,,,,,,,,,,,,
,,,,,,,,,,,,,,,,,,,,,,,,,,
,,,https://www.youtube.com/watch?v=QNeutez3G3I,,,,,,https://youtu.be/QnxWKnH5NOo,,,,,,,https://youtu.be/kP28RpXEiGA,,,,,,,,,,
,,,,,,,,,,,,,,,,,,,,,,,,,,
,,,,,,,,,,,,,,,,,,,,,,,,,,
,"OX KING
우마왕",,"SPEED
CLEAR",,"PETRIFY
IMMUNITY",,"BLEED
IMMUNITY",,"DPS
MAGIC VUL (A)",,"DEF DOWN (P)
+WEAKNESS HIT",,MAGIC VUL (P),,,"T15
3-MAN
FARM",,"PETRIFY
IMMUNITY",,"BLEED
IMMUNITY",,"DPS
MAGIC VUL (A)",,,,
,,,,,,,,,,,,,,,,,,,,,,,,,,
,,,,,,,,,,,,,,,,,,,,,,,,,,
,,,,,,,,,,,,,,,,,,,,,,,,,,
,,,,,,,,,,,,,,,,,,,,,,,,,,
,,,,,,,,,,,,,,,,,,,,,,,,,,
,,,,,,,,,,,,,,,,,,,,,,,,,,
,,,,,,,,,,,,,,,,,,,,,,,,,,
,,,,,,,,,,,,,,,,,,,,,,,,,,
,,,AUTO-SKILL,,,,,,,,,,,,,AUTO-SKILL,,,,,,,,,,
,,,,,DAISY-T6,,KARON-T6,,ESPADA-T6,,BISCUIT-T6,,MELIA-SE,,,,,DAISY-T6,,KARON-T6,,ESPADA-T6,,,,
,,,,,AVENGER,,GATEKEEP,,AVENGER,,GATEKEEP,,GATEKEEP,,,,,AVENGER,,GATEKEEP,,AVENGER,,,,
,,,,,BOSSDMG+CWR,,DOT,,BOSSDMG+ST,,DOT,,DOT,,,,,GUTS,,DOT,,GUTS,,,,
,,,NOTES:,,,,,,,,,,,,,NOTES:,,Try to get some Weakness Hit on Espada if possible too to achieve higher DMG. ,,,,,,,,
,,,,,,,,,,,,,,,,,,,,,,,,,,
,,,T15,,"PETRIFY
IMMUNITY",,"BLEED
IMMUNITY",,DPS,,"DEF DOWN (P)
+WEAKNESS HIT",,"HEAL
DMG BOOST
DEF DEBUFF (A)",,,T10,,"PETRIFY
IMMUNITY",,"BLEED
IMMUNITY",,DPS,,"DEF DOWN (P)
+WEAKNESS HIT",,"HEAL
DMG BOOST
DEF DEBUFF (A)"
,,,,,,,,,,,,,,,,,,,,,,,,,,
,,,,,,,,,,,,,,,,,,,,,,,,,,
,,,,,,,,,,,,,,,,,,,,,,,,,,
,,,,,,,,,,,,,,,,,,,,,,,,,,
,SPEED: 240,,,,,,,,,,,,,,,,,,,,,,,,,
,,,,,,,,,,,,,,,,,,,,,,,,,,
,,,,,,,,,,,,,,,,,,,,,,,,,,
,,,,,,,,,,,,,,,,,,,,,,,,,,
,"● Support Type and inflicts MDMG
● Summons ""Red Boils"" with high DMG Resistance buff, hence the need for Buff Removal
● Ox King himself has 0 Defense so DEF Reduction does not influence DMG output",,AUTO-SKILL,,,,,,,,,,,,,AUTO-SKILL,,,,,,,,,,
,,,,,DAISY-T2,,KARON-T6,,ESPADA-T2,,BISCUIT-T2,,LINA-T0,,,,,BLACK ROSE-T6,,KARON-T2,,ESPADA-T0,,BISCUIT-SE,,LINA-T0
,,,,,AVENGER,,GATEKEEP,,AVENGER,,GATEKEEP,,PALADIN,,,,,ASSASSIN,,GATEKEEP,,AVENGER,,GATEKEEP,,PALADIN
,,,,,,,,,,,,,,,,,,,,,,,,,,
,,,NOTES:,,Daisy may require a DMG Taken Reduction piece if she is not at T2 and unable to cast the barrier when both skills are used. You may also use Orly over Lina to increase Crit Rate & Crit DMG sufficiently if gears lack some %.,,,,,,,,,,,NOTES:,,"Make sure Black Rose has high Crit Rate in order to kill the minions. Sometimes if she dies too easily, you will need 1 DMG Taken Reduction armor with 1 ATK piece. Some players also run Gatekeeper set for her but with Crit Rate main stats on weapons.",,,,,,,,
,,,,,,,,,,,,,,,,,,,,,,,,,,
,,,,,,,,,,,,,,,,,,,,,,,,,,
,,,,,,,,,,,,,,,,,,,,,,,,,,
,,,https://youtu.be/v17f_D8Sqls,,,,,,https://youtu.be/jB-eSsUPB3U,,,,,,,,,,,,,,,,,
,,,,,,,,,,,,,,,,,,,,,,,,,,
,,,,,,,,,,,,,,,,,,,,,,,,,,
,"IRON DEVOURER
강철의 포식자",,"SPEED
CLEAR",,"PARALYZE
IMMUNITY",,+MDMG,,DPS,,"DEF DOWN (P)
+WEAKNESS HIT",,MAGIC VUL (P),,,"T15
2-MAN
FARM",,,,"PARALYZE
IMMUNITY",,DPS,,,,
,,,,,,,,,,,,,,,,,,,,,,,,,,
,,,,,,,,,,,,,,,,,,,,,,,,,,
,,,,,,,,,,,,,,,,,,,,,,,,,,
,,,,,,,,,,,,,,,,,,,,,,,,,,
,,,,,,,,,,,,,,,,,,,,,,,,,,
,,,,,,,,,,,,,,,,,,,,,,,,,,
,,,,,,,,,,,,,,,,,,,,,,,,,,
,,,,,,,,,,,,,,,,,,,,,,,,,,
,,,AUTO-SKILL,,,,,,,,,,,,,AUTO-SKILL,,,,,,,,,,
,,,,,XIAO QIAO-T6,,KYRIELLE-SE,,PASCAL-T6,,BISCUIT-T6,,MELIA-SE,,,,,,,XIAO QIAO-T6,,PASCAL-T6,,,,
,,,,,AVENGER,,AVENGER,,AVENGER,,GATEKEEP,,GATEKEEP,,,,,,,AVENGER,,AVENGER,,,,
,,,,,BOSSDMG+CWR,,BLOCK,,BOSSDMG+ST,,DOT,,DOT,,,,,,,GUTS,,GUTS,,,,
,,,NOTES:,,,,,,,,,,,,,NOTES:,,"Without Biscuit, both farmers must have 100% Weakness (otherwise you would be gambling with a chance of them hitting the side heads and this will result in failure).",,,,,,,,
,,,,,,,,,,,,,,,,,,,,,,,,,,
,,,T10/T15,,"PARALYZE
IMMUNITY",,"POISON
IMMUNITY",,DPS,,"DEF DOWN (P)
+WEAKNESS HIT",,"HEAL
DMG BOOST
DEF DEBUFF (A)",,,"T15
3-MAN
FARM",,,,"PARALYZE
IMMUNITY",,DPS,,"POISON
IMMUNITY",,
,,,,,,,,,,,,,,,,,,,,,,,,,,
,,,,,,,,,,,,,,,,,,,,,,,,,,
,,,,,,,,,,,,,,,,,,,,,,,,,,
,,,,,,,,,,,,,,,,,,,,,,,,,,
,SPEED: 70,,,,,,,,,,,,,,,,,,,,,,,,,
,,,,,,,,,,,,,,,,,,,,,,,,,,
,,,,,,,,,,,,,,,,,,,,,,,,,,
,,,,,,,,,,,,,,,,,,,,,,,,,,
,"● DEF Type and inflicts PDMG
● Has PDMG Resistance
● Center Head starts with lowest HP among the three heads, making weakness hit chance an important mechanic in this raid",,AUTO-SKILL,,,,,,,,,,,,,AUTO-SKILL,,,,,,,,,,
,,,,,XIAO QIAO-T2,,LUCY-T6,,PASCAL-T6,,BISCUIT-SE,,LINA-T2,,,,,,,XIAO QIAO-T6,,SUNWUKONG-T6,,LUCY-T6,,
,,,,,AVENGER,,GUARDIAN,,AVENGER,,GATEKEEP,,PALADIN,,,,,,,AVENGER,,AVENGER,,GUARDIAN,,
,,,,,,,,,,,,,,,,,,,,GUTS,,GUTS,,BLOCK,,
,,,NOTES:,,"For the best results, gear heroes with high Weakness Hit Chance stats/substats so that they will aim the middle head more consistently. Particularly Lucy, who can reduce the middle head's PDMG dealt.",,,,,,,,,,,NOTES:,,"Without Biscuit, both farmers must have 100% Weakness Hit Chance. Even though Wukong has AOE DMG, his basic ATK also needs to land on the middle head.",,,,,,,,
,,,,,,,,,,,,,,,,,,,,,,,,,,
,,,,,,,,,,,,,,,,,,,,,,,,,,
,,,,,,,,,,,,,,,,,,,,,,,,,,
,,,https://youtu.be/bgFtYl0Alsc,,,,,,https://youtu.be/9VYK_sK4IC4,,,,,,,,,,,,,,,,,