,,,,,,,,,,,,,,,,,,,,,,,,,,,,,,,,
,,,,,,ADVENT EXPEDITION - GOD OF DESTRUCTION 강림원정대편 파괴신,,,,,,,,,,,,,,,,,,,,,,,,,,
,,,,,,"Positioning MATTERS! Speed priority goes from Front to Back in a Left to Right fashion.
Speed order is labelled accordingly.

The relationship between Gears & Accessories is flexible. Whichever combination is easier to hit near 100%, use that.
For e.g., If you have better Crit Rolls on your gears, then accessory can have Weakness Hit Chance instead and vice versa. If you can achieve both well with gears alone, then accessory can boost other 1-3 Target Atk DMG instead (IDEAL).",,,,,,,,,,,,,,"Skill Queues shown here MAY NOT match the Video Guide shown. In any case, the Skill Queue is the more updated guide.
It is to be assumed that skills of DPS and fixed Support Heroes are enhanced. Any special cases will be identified in Notes.

The Stats Tables is especially important for this mode. 
It further shows ATK & Crit DMG in this mode because you may need a certain amount of stats to take down the phases as fast as possible. This is particularly more crucial for Phase 1 Teams, where you try to complete as fast as you can.
The shaded stats, upon adding up, will be what you actually see on your Hero's Stat screen (BASE+GEARS+T4). The sum is shown in the adjacent cell.
Stats from ACC, EE, PASSIVE & ALLY will only be applied in battle and is not reflected on the hero's stats details.",,,,,,,,,,,,
,,,,,,,,,,,,,,,,,,,,,,,,,,,,,,,,
,,,TOP SCORING,,,PHASE 1,,,,,,,,,,,PHASE 2,,,,,,,,,,,,,,,
,,,,,,,,,,,,,,,,,,,,,,,,,,,,,,,,
,,,,,,,,,,,,,,,,,,,,,,,,,,,,,,,,
,,,,,,,,,,,,,,,,,,,,,,,,,,,,,,,,
,,,,,,ST DPS,,MAGIC VUL (P),,ST DPS,,DEF DOWN (P),,"+DMG
DEF DOWN (A)",,,,,,"PHYS VUL (P)
ST DPS",,"ST DMG BUFFER
DEF DOWN (A)
BARRIER",,ST DPS,,"+PATK
+IGNORE DEF EFFICIENCY",,DEF DOWN (P),,,,
,,,,,,,,,,,,,,,,,,,,,,,,,,,,,,,,
,,,,,,,,,,,,,,,,,,,,,,,,,,,,,,,,
,,,,,,,,,,,,,,,,,,,,,,,,,,,,,,,,
,,,,,,,,,,,,,,,,,,,,,,,,,,,,,,,,
,,,,,,,,,,,,,,,,,,,,,,,,,,,,,,,,
,,,,,,,,,,,,,,,,,,,,,,,,,,,,,,,,
,,,,,,,,,,,,,,,,,,,,,,,,,,,,,,,,
,,,,,,,,,,,,,,,,,,,,,,,,,,,,,,,,
,,,SKILL QUEUE:,,,0,4,8,,,,,,,,,8,12,16,20,24,28,32,36,40,44,48,52,56,60,64,68
,,,,,,,,,,,,,,,,,,,,,,,,,,,,,,,,
,,,,,,,,,,,,,,,,,,,,,,,,,,,,,,,,
,,,,,,0,4,8,12,,,,,,,,,12,16,20,24,28,32,36,40,44,48,52,56,60,64,68
,,,,,,,,,,,,,,,,,,,,,,,,,,,,,,,,
,,,,,,,,,,,,,,,,,,,,,,,,,,,,,,,,
,SPEED: 100,,,"SPEED
ORDER",,C,,D,,A,,E,,B,,,,,,B,,C,,A,,D,,E,,,,
,,,,,,29,,29,,33,,29,,31,,,,,,29,,29,,33,,29,,19,,,,
,,,,ATK,,~4.2K+,,,,~4.5K+,,~3.7K,,NOT IMPT,,,,,,~3.8K+,,,,~4.2K+,,~3.6K,,NOT IMPT,,,,
,,,,CRIT DMG,,~240%+,,~200%,,~270%+,,~200%,,,,,,,,~250%+,,,,~300%+,,~200%,,,,,,
,,,,TOTAL:,,99,,99,,101,,99,,,,,,,,97,,101,,96,,97,,,,,,
,,,,BASE,,5,89,5,89,5,91,5,99,,,,,,,5,97,5,91,5,63,5,97,,,,,
,,,,T4,,-,,-,,18,,18,,,,,,,,-,,14,,18,,-,,,,,,
,,,,GEARS,,84,,84,,68,,76,,,,,,,,92,,72,,40,,92,,,,,,
,,,,ACC,,10,,10,,10,,-,,,,,,,,-,,10,,-,,-,,,,,,
,,,,EE,,-,,-,,-,,-,,,,,,,,-,,-,,-,,-,,,,,,
,https://youtu.be/KNPZ8jciXr0,,,PASSIVE,,-,,-,,-,,-,,,,,,,,-,,-,,33,,-,,,,,,
,,,,ALLY,,-,,-,,-,,-,,,,,,,,-,,-,,-,,-,,,,,,
,,,,TOTAL:,,99,,20,,87,,NOT IMPT,,NOT IMPT,,,,,,84,,0,,94,,20,,NOT IMPT,,,,
,,,,T4,,20,60,20,20,20,60,,,,,,,,,-,20,-,0,-,40,20,20,,,,,
,,,,GEARS,,40,,-,,40,,,,,,,,,,20,,-,,40,,-,,,,,,
,,,,ACC,,-,,-,,-,,,,,,,,,,10,,-,,-,,-,,,,,,
,,,,EE,,-,,-,,-,,,,,,,,,,-,,-,,-,,-,,,,,,
,,,,PASSIVE,,39,,-,,27,,,,,,,,,,-,,-,,-,,-,,,,,,
,Does HP Alteration and Ignore DEF,,,ALLY,,-,,-,,-,,,,,,,,,,54,,-,,54,,-,,,,,,
,,,YEONJI,,,XIAO QIAO-T6,,MELIA-T0,,DAISY-T6,,VANESSA-T6,,LINA-T6,,,,,,FAI-T0,,XIAO-T6,,BAI LONG-T6,,LU BU-T4,,BISCUIT-T6,,WINDY,,
,,,IGRIS,,,AVENGER,,AVENGER,,AVENGER,,AVENGER,,PALADIN,,,,,,AVENGER,,AVENGER,,AVENGER,,AVENGER,,GATEKEEP,,EIRIN,,
,,,NOTE,,,BOSSDMG+CWR,,BOSSDMG+CWR,,BOSSDMG+CWR,,BOSSDMG+CWR,,DOT,,,,,,BOSSDMG+CWR,,BLEED,,BOSSDMG+CWR,,BLEED,,BLEED,,SHERRY,,
,,,NOTES:,,,,,,,,,,,,,,,,,NOTES:,"Fai must have 2nd highest ATK. 
Xiao may need Guts if she dies easily. Upgrade her potentials too.",,,,,,,,,,,
,"OPTIONS:

(SKILL QUEUE AND TEAM ARE INDEPENDENT. 
PLEASE DO NOT SIMPLY TREAT THE TEAMS AS A PAIR):                                                                                                                                                                                                        ",,,,,,,,,,,,,,,,,,,,,,,,,,,,,,,
,,,,,,,,,,,,,,,,,,,,,,,,,,,,,,,,
,,,,,,,,,,,,,,,,,,,,,,,,,,,,,,,,
,,,,,,,,,,,,,,,,,,,,,,,,,,,,,,,,
,,,,,,XIAO QIAO-T6,,VANESSA-T6,,PASCAL-T6,,CHANCELLOR-SE,,MIHO-T0,,,,,,RACHEL-T6,,BISCUIT-T6,,BAI LONG-T6,,LINA-T6,,LU BU-T6,,,,
,,,,"SPEED
ORDER",,A,,B,,D,,E,,C,,,,,,B,,A,,D,,E,,C,,,,
,,,,,,29,,29,,29,,25,,29,,,,,,29,,31,,29,,19,,29,,,,
,,,SKILL QUEUE:,,,0,4,8,12,16,,,,,,,8,12,16,20,24,28,32,36,40,44,48,52,56,60,64,68
,,,,,,,,,,,,,,,,,,,,,,,,,,,,,,,,
,,,,,,,,,,,,,,,,,,,,,,,,,,,,,,,,
,,,,,,,,,,,,,,,,,,12,16,20,24,28,32,36,40,44,48,52,56,60,64,68
,,,,,,,,,,,,,,,,,,,,,,,,,,,,,,,,
,,,,,,,,,,,,,,,,,,,,,,,,,,,,,,,,
,,,,,,,,,,,,,,,,,,,,,,,,,,,,,,,,
,,,,,,,,,,,,,,,,,,,,,,,,,,,,,,,,
,,,,,,,,,,,,,,,,,,,,,,,,,,,,,,,,
,,,,,,,,,,,,,,,,,,,,,,,,,,,,,,,,
,,,,,,,,,,,,,,,,,,,,,,,,,,,,,,,,
,,,,,,REGINLEIF-T0,,XIAO QIAO-T6,,PASCAL-T6,,MELIA-T0,,MIHO-T0,,,,,,RACHEL-T6,,BISCUIT-T6,,BAI LONG-T6,,LINA-T6,,FAI-T0,,,,
,,,,"SPEED
ORDER",,A,,B,,E,,C,,D,,,,,,B,,A,,D,,E,,C,,,,
,,,,,,29,,29,,29,,29,,29,,,,,,29,,31,,29,,19,,29,,,,
,,,SKILL QUEUE:,,,0,4,8,,,,,,,,,8,12,16,20,24,28,32,36,40,44,48,52,56,60,64,68
,,,,,,,,,,,,,,,,,,,,,,,,,,,,,,,,
,,,,,,,,,,,,,,,,,,,,,,,,,,,,,,,,
,,,,,,0,4,8,12,16,,,,,,,,12,16,20,24,28,32,36,40,44,48,52,56,60,64,68
,,,,,,,,,,,,,,,,,,,,,,,,,,,,,,,,
,,,,,,,,,,,,,,,,,,,,,,,,,,,,,,,,
,,,,,,,,,,,,,,,,,,,,,,,,,,,,,,,,
,,,,,,,,,,,,,,,,,,,,,,,,,,,,,,,,
,,,,,,,,,,,,,,,,,,,,,,,,,,,,,,,,
,,,,,,,,,,,,,,,,,,,,,,,,,,,,,,,,
,,,,,,,,,,,,,,,,,,,,,,,,,,,,,,,,
,,,,,,VANESSA-T0,,XIAO QIAO-T6,,ORLY-SE,,DAISY-T6,,MELIA-T0,,,,,,LU BU-T6,,RACHEL-T6,,SHANE-T6,,LINA-T6,,BISCUIT-T6,,,,
,,,,"SPEED
ORDER",,C,,A,,E,,B,,D,,,,,,B,,C,,A,,D,,E,,,,
,,,,,,29,,33,,19,,33,,29,,,,,,29,,25,,33,,17,,17,,,,
,,,SKILL QUEUE:,,,0,4,8,,,,,,,,,,12,16,20,24,28,32,36,40,44,48,52,56,60,64,68
,,,,,,,,,,,,,,,,,,,,,,,,,,,,,,,,
,,,,,,,,,,,,,,,,,,,,,,,,,,,,,,,,
,,,,,,0,4,8,12,,,,,,,,,,16,20,24,28,32,36,40,44,48,52,56,60,64,68